id,ra,dec,ra1,dec1,ra2,dec2,ra3,dec3,ra4,dec4,#id,sum_p3d,nor_sum_p3d,obj,note,weight
4195,96.39344262295083,-13.404255319148929,97.41718266120594,-12.40218432970147,97.42573471417687,-14.40216702959538,95.36115053172477,-14.40216702959538,95.3697025846957,-12.402184329701468,4195,2617.6427700404124,1.0,S230518h,4195,2617.6427700404124
4378,95.35135135135135,-11.489361702127665,96.36818768997551,-10.487594254007638,96.37542821373479,-12.487581668943013,94.32727448896792,-12.487581668943013,94.3345150127272,-10.487594254007638,4378,2493.7713089391896,0.9526782406984775,S230518h,4378,2493.7713089391896
4013,96.92307692307692,-15.319148936170206,97.95497516369265,-14.316769909305533,97.96488982686677,-16.31674705168471,95.88126401928706,-16.31674705168471,95.89117868246119,-14.316769909305533,4013,2398.2639396495842,0.916192219617713,S230518h,4013,2398.2639396495842
3833,98.0,-17.234042553191482,99.04135965202796,-16.231350187414588,99.05269736114572,-18.23132087512961,96.94730263885428,-18.23132087512961,96.95864034797204,-16.231350187414588,3833,2371.674005395157,0.9060342505629758,S230518h,3833,2371.674005395157
3655,99.10112359550561,-19.14893617021276,100.15330551098288,-18.145924306497378,100.16613699113819,-20.145887577182837,98.03611019987305,-20.145887577182837,98.04894168002836,-18.145924306497374,3655,1979.2274537167427,0.7561106031615561,S230518h,3655,1979.2274537167427
4748,92.90322580645162,-7.6595744680851094,93.90986386084647,-6.658403628051218,93.91460084399293,-8.658398118510359,91.8918507689103,-8.658398118510357,91.89658775205675,-6.658403628051217,4748,1940.0239588545085,0.7411339626088694,S230518h,4748,1940.0239588545085
4563,94.83870967741936,-9.574468085106387,95.84985631792706,-8.573000444438936,95.85582780643762,-10.572991777259913,93.8215915484011,-10.572991777259913,93.82756303691166,-8.573000444438936,4563,1919.5478682243452,0.7333116230350677,S230518h,4563,1919.5478682243452
3479,100.22727272727273,-21.063829787234038,101.29170522865155,-20.06049134683571,101.30611262366928,-22.060446160912697,99.14843283087619,-22.060446160912697,99.16284022589392,-20.06049134683571,3479,1463.3416765978454,0.5590303204647186,S230518h,3479,1463.3416765978454
4562,92.90322580645162,-9.574468085106387,93.9143724469593,-8.573000444438936,93.92034393546987,-10.572991777259913,91.88610767743334,-10.572991777259912,91.89207916594391,-8.573000444438936,4562,1343.4086923403324,0.5132131502877271,S230518h,4562,1343.4086923403324
4934,92.40641711229947,-5.7446808510638325,93.40970194297502,-4.743804504055099,93.41323148213581,-6.7438014211578725,91.39960274246312,-6.7438014211578725,91.40313228162391,-4.743804504055098,4934,1001.6114276334779,0.38263870039761555,S230518h,4934,1001.6114276334779
4014,98.90109890109889,-15.319148936170206,99.93299714171462,-14.316769909305531,99.94291180488875,-16.31674705168471,97.85928599730904,-16.31674705168471,97.86920066048317,-14.316769909305533,4014,792.9899746288088,0.3029404866488204,S230518h,4014,792.9899746288088
3305,101.37931034482759,-22.978723404255316,102.45750012893738,-21.975050315074856,102.47357836056835,-23.974995541961256,100.28504232908683,-23.97499554196126,100.3011205607178,-21.97505031507486,3305,757.0442584897979,0.2892083928159954,S230518h,3305,757.0442584897979
4194,94.42622950819671,-13.404255319148929,95.44996954645184,-12.402184329701472,95.45852159942277,-14.402167029595384,93.39393741697067,-14.402167029595384,93.4024894699416,-12.40218432970147,4194,729.0582643305451,0.27851709663167273,S230518h,4194,729.0582643305451
4377,93.4054054054054,-11.489361702127665,94.42224174402958,-10.487594254007638,94.42948226778886,-12.487581668943013,92.38132854302197,-12.487581668943015,92.38856906678124,-10.48759425400764,4377,727.121678803643,0.27777727622949,S230518h,4377,727.121678803643
5120,90.4812834224599,-3.8297872340425547,91.4823514190812,-2.8292037505741257,91.48469348879112,-4.829202385507474,89.47787335612868,-4.8292023855074735,89.48021542583861,-2.8292037505741257,5120,708.4341514552201,0.2706382091412278,S230518h,5120,708.4341514552201
3834,100.0,-17.234042553191482,101.04135965202796,-16.231350187414588,101.05269736114572,-18.23132087512961,98.94730263885428,-18.23132087512961,98.95864034797204,-16.231350187414584,3834,696.1303440580572,0.26593787052436874,S230518h,3834,696.1303440580572
3133,102.55813953488374,-24.893617021276594,103.65168387256313,-23.889600131066324,103.66954227351279,-25.88953453318573,101.4467367962547,-25.889534533185735,101.46459519720435,-23.889600131066327,3133,658.0579638063273,0.2513933418791778,S230518h,3133,658.0579638063273
4933,90.4812834224599,-5.7446808510638325,91.48456825313545,-4.743804504055099,91.48809779229624,-6.7438014211578725,89.47446905262356,-6.7438014211578725,89.47799859178436,-4.743804504055098,4933,638.2374157441417,0.24382143470794843,S230518h,4933,638.2374157441417
2963,102.24852071005917,-26.80851063829787,103.35912120251004,-25.804139612613287,103.37888547867969,-27.8040618266975,101.11815594143863,-27.8040618266975,101.13792021760828,-25.804139612613287,2963,605.5260796489179,0.2313249487589819,S230518h,2963,605.5260796489179
2797,104.09638554216868,-28.72340425531915,105.22586374781439,-27.718667457637558,105.24767833966094,-29.718575972693287,102.94509274467643,-29.718575972693287,102.96690733652297,-27.71866745763756,2797,595.0448200714644,0.22732086550613545,S230518h,2797,595.0448200714644
5494,88.08510638297872,0.0,89.08510638297872,1.0,89.08510638297872,-1.0,87.08510638297872,-0.9999999999999997,87.08510638297872,0.9999999999999997,5494,591.7677035832156,0.22606893131337383,S230518h,5494,591.7677035832156
5307,90.0,-1.9148936170212774,90.9999750925089,-0.9146020309895652,91.00114285835392,-2.914601690485505,88.99885714164608,-2.914601690485505,89.0000249074911,-0.9146020309895652,5307,591.473982978411,0.22595672325803245,S230518h,5307,591.473982978411
5306,88.08510638297872,-1.9148936170212774,89.08508147548763,-0.9146020309895654,89.08624924133264,-2.9146016904855045,87.0839635246248,-2.9146016904855045,87.08513129046982,-0.9146020309895652,5306,561.1133167838367,0.21435824750646704,S230518h,5306,561.1133167838367
402,115.93220520019531,-72.0,119.00064203327051,-70.97452850996747,119.34831110971305,-72.97164107288127,112.51609929067757,-72.97164107288127,112.8637683671201,-70.97452850996747,402,559.2769574990912,0.2136567158437959,S230518h,402,559.2769574990912
459,115.47169494628906,-74.0,118.88774159632509,-72.97133701989162,119.32940029670921,-74.96762885931668,111.61398959586889,-74.96762885931668,112.05564829625303,-72.97133701989162,459,554.5718777696469,0.21185926671005806,S230518h,459,554.5718777696469
339,116.30769348144531,-70.0,119.09575778358301,-68.97713342301712,119.37617759882113,-70.97483266747543,113.23920936406952,-70.97483266747543,113.51962917930761,-68.97713342301712,339,549.7369486795886,0.21001221212132837,S230518h,339,549.7369486795886
555,114.14634704589844,-78.0,118.5825951002991,-76.9621151896699,119.3724537305251,-78.95536183558299,108.9202403612718,-78.95536183558299,109.71009899149776,-76.9621151896699,555,539.0914130759505,0.20594537163206109,S230518h,555,539.0914130759505
654,114.54545593261719,-84.0,122.6949643865315,-82.92915504420262,125.86915975592417,-84.90140867067234,103.22175210931019,-84.90140867067234,106.39594747870287,-82.92915504420262,654,538.4954405214747,0.20571769635058385,S230518h,654,538.4954405214747
594,113.14285278320312,-80.0,118.36881733065673,-78.95505850753867,119.50876365042757,-80.94523780272377,106.77694191597868,-80.94523780272377,107.91688823574955,-78.95505850753867,594,537.7736204967222,0.2054419444286585,S230518h,594,537.7736204967222
5681,86.17021276595744,1.9148936170212774,87.17135562431136,2.9146016904855045,87.17018785846635,0.9146020309895654,85.17023767344854,0.9146020309895652,85.16906990760353,2.9146016904855045,5681,534.1429524762636,0.20405494538432273,S230518h,5681,534.1429524762636
270,116.61972045898438,-68.0,119.17717921644874,-66.9793046242677,119.40782331264816,-68.97743765666995,113.83161760532059,-68.97743765666995,114.06226170152004,-66.97930462426771,270,529.1765379335253,0.20215766031564178,S230518h,270,529.1765379335253
627,111.7241439819336,-82.0,118.0898429350261,-80.9449350865614,119.87400055051897,-82.92945656234664,103.57428741334822,-82.92945656234663,105.3584450288411,-80.9449350865614,627,528.5179047172807,0.2019060472140441,S230518h,627,528.5179047172807
510,114.89361572265625,-76.0,118.75124476719266,-74.96732495523972,119.32996552334225,-76.96241887129821,110.45726592197023,-76.96241887129821,111.03598667811983,-74.96732495523972,510,526.8562826715834,0.20127126921273888,S230518h,510,526.8562826715834
742,104.81012725830078,-30.0,105.95326983550937,-28.995012183528004,105.97654207329022,-30.994910641811856,103.64371244331136,-30.994910641811856,103.66698468109219,-28.99501218352801,742,516.2998768625574,0.1972384783637175,S230518h,742,516.2998768625574
688,108.0,-88.0,126.44105914161098,-86.83777051177923,153.004361550635,-88.58603771968255,62.99563844936499,-88.58603771968255,89.55894085838902,-86.83777051177923,688,509.3163867379108,0.19457062383269652,S230518h,688,509.3163867379108
674,112.5,-86.0,123.8230335451801,-84.90111000549426,130.94280330930516,-86.83805946347707,94.05719669069485,-86.83805946347707,101.17696645481993,-84.90111000549426,674,505.0022960198219,0.1929225415322907,S230518h,674,505.0022960198219
5868,84.70588235294116,3.8297872340425547,85.70929241927239,4.8292023855074735,85.70695034956246,2.829203750574125,83.70481435631987,2.829203750574125,83.70247228660995,4.8292023855074735,5868,499.9077837464448,0.19097632017172725,S230518h,5868,499.9077837464448
899,104.51612854003906,-32.0,105.68253963021026,-30.994606110718944,105.70826123981956,-32.99448716574666,103.32399584025856,-32.99448716574666,103.34971744986785,-30.994606110718944,899,493.4392962792767,0.18850520855130234,S230518h,899,493.4392962792767
195,116.88311004638672,-66.0,119.2478343001517,-64.98114619980839,119.44060079143377,-66.97960891508912,114.3256193013397,-66.97960891508912,114.51838579262177,-64.98114619980839,195,477.9905560523641,0.18260343295238282,S230518h,195,477.9905560523641
2964,104.37869822485207,-26.80851063829787,105.48929871730297,-25.80413961261329,105.50906299347261,-27.804061826697506,103.24833345623155,-27.804061826697502,103.26809773240119,-25.80413961261329,2964,476.4284558744511,0.18200667460330952,S230518h,2964,476.4284558744511
3656,101.12359550561798,-19.14893617021276,102.17577742109525,-18.145924306497378,102.18860890125056,-20.145887577182837,100.05858210998542,-20.145887577182837,100.07141359014074,-18.145924306497374,3656,475.176625886333,0.18152844663330323,S230518h,3656,475.176625886333
28,114.54545593261719,-62.0,116.60711632131778,-60.98411360724187,116.74696070853403,-62.98303584617719,112.34395115670036,-62.98303584617719,112.4837955439166,-60.98411360724187,28,460.63107476521776,0.17597171013449872,S230518h,28,460.63107476521776
3132,100.46511627906976,-24.893617021276594,101.55866061674917,-23.889600131066324,101.57651901769881,-25.88953453318573,99.35371354044072,-25.88953453318573,99.37157194139037,-23.889600131066324,3132,459.1075186921751,0.17538967652377074,S230518h,3132,459.1075186921751
5119,88.55614973262031,-3.8297872340425547,89.55721772924161,-2.829203750574125,89.55955979895154,-4.829202385507473,87.5527396662891,-4.8292023855074735,87.55508173599902,-2.8292037505741257,5119,456.7970133385074,0.1745070101110302,S230518h,5119,456.7970133385074
1204,107.02702331542969,-36.0,108.2475489467154,-34.9937395182972,108.27889860340053,-36.9935787152552,105.77514802745884,-36.9935787152552,105.80649768414396,-34.9937395182972,1204,452.6153171038655,0.17290950556132523,S230518h,1204,452.6153171038655
114,114.14634704589844,-64.0,116.34782887497116,-62.98273147678502,116.5110982284099,-64.98145053462832,111.78159586338698,-64.98145053462832,111.94486521682572,-62.98273147678502,114,449.2024002039474,0.17160569247461233,S230518h,114,449.2024002039474
4749,94.83870967741936,-7.6595744680851094,95.84534773181423,-6.658403628051217,95.85008471496067,-8.658398118510359,93.82733463987805,-8.658398118510357,93.83207162302449,-6.658403628051217,4749,444.7130886852174,0.16989067178114287,S230518h,4749,444.7130886852174
4747,90.96774193548387,-7.6595744680851094,91.97437998987874,-6.658403628051217,91.9791169730252,-8.658398118510357,89.95636689794256,-8.658398118510357,89.96110388108902,-6.658403628051217,4747,444.7130653244773,0.1698906628568006,S230518h,4747,444.7130653244773
695,0.0,-90.0,44.99563645534475,-88.58582233904788,135.00436354465506,-88.5858223390479,224.99563645534494,-88.5858223390479,315.00436354465523,-88.58582233904788,695,432.8413996224347,0.16535541234900908,S230518h,695,432.8413996224347
6054,82.7807486631016,5.7446808510638325,83.78756303293795,6.743801421157873,83.78403349377716,4.743804504055099,81.77746383242605,4.743804504055099,81.77393429326526,6.743801421157873,6054,429.3094063015206,0.1640061093190698,S230518h,6054,429.3094063015206
694,324.0,-88.0,342.441059141611,-86.83777051177923,9.00436155063499,-88.58603771968255,278.995638449365,-88.58603771968255,305.558940858389,-86.83777051177923,694,429.13643786415247,0.16394003138080115,S230518h,694,429.13643786415247
687,72.0,-88.0,90.44105914161098,-86.83777051177923,117.004361550635,-88.58603771968255,26.995638449365003,-88.58603771968255,53.55894085838903,-86.83777051177923,687,426.87761259400224,0.16307710795366165,S230518h,687,426.87761259400224
1054,107.2847671508789,-34.0,108.47689573618018,-32.99418263746754,108.50529732411214,-34.99404404339809,106.06423697764569,-34.994044043398084,106.09263856557763,-32.99418263746754,1054,420.47985855693696,0.16063301813732414,S230518h,1054,420.47985855693696
2686,116.1290283203125,-60.0,118.06978251291292,-58.98533206457512,118.19070846466232,-60.9844180042816,114.06734817596268,-60.9844180042816,114.18827412771208,-58.98533206457512,2686,414.22861552235105,0.15824489890801868,S230518h,2686,414.22861552235105
3478,98.18181818181817,-21.063829787234038,99.24625068319699,-20.06049134683571,99.26065807821473,-22.060446160912697,97.10297828542163,-22.060446160912697,97.11738568043937,-20.06049134683571,3478,412.7813653392973,0.15769201590976623,S230518h,3478,412.7813653392973
3304,99.31034482758619,-22.978723404255316,100.38853461169599,-21.97505031507486,100.40461284332696,-23.974995541961256,98.21607681184544,-23.974995541961256,98.23215504347641,-21.97505031507486,3304,412.57710141521466,0.1576139823727151,S230518h,3304,412.57710141521466
5493,86.17021276595744,0.0,87.17021276595744,1.0,87.17021276595744,-1.0,85.17021276595744,-1.0,85.17021276595744,1.0,5493,408.0361669149751,0.15587924050793062,S230518h,5493,408.0361669149751
628,124.137939453125,-82.0,130.5036384062175,-80.9449350865614,132.2877960217104,-82.92945656234663,115.98808288453962,-82.92945656234663,117.77224050003251,-80.9449350865614,628,404.9981176793762,0.1547186355276139,S230518h,628,404.9981176793762
4379,97.2972972972973,-11.489361702127665,98.3141336359215,-10.48759425400764,98.32137415968076,-12.487581668943013,96.27322043491387,-12.487581668943013,96.28046095867315,-10.48759425400764,4379,404.98479633394965,0.15471354646596688,S230518h,4379,404.98479633394965
2266,113.68421173095703,-52.0,115.27273435502397,-50.9890760572067,115.34530774929748,-52.988576955412356,112.02311571261659,-52.988576955412356,112.09568910689009,-50.989076057206695,2266,403.7086669847298,0.15422603557875744,S230518h,2266,403.7086669847298
1351,107.5,-38.0,108.75187027453589,-36.993274193749315,108.78648071109555,-38.99308824443834,106.21351928890445,-38.99308824443833,106.24812972546412,-36.993274193749315,1351,401.66225155577365,0.15344425761715857,S230518h,1351,401.66225155577365
595,123.42857360839844,-80.0,128.65453815585204,-78.95505850753867,129.79448447562288,-80.94523780272378,117.06266274117401,-80.94523780272378,118.20260906094487,-78.95505850753867,595,395.49638219312675,0.15108875310247963,S230518h,595,395.49638219312675
2486,114.23077392578125,-56.0,115.9735878008583,-54.98739087731716,116.06613857098333,-56.986721220412235,112.39540928057916,-56.986721220412235,112.48796005070422,-54.98739087731716,2486,393.76474239862273,0.15042722670387282,S230518h,2486,393.76474239862273
900,106.83870697021484,-32.0,108.00511806038604,-30.994606110718944,108.03083966999534,-32.99448716574666,105.64657427043434,-32.99448716574666,105.67229588004363,-30.994606110718944,900,388.2584952448195,0.14832371310880796,S230518h,900,388.2584952448195
1053,104.9006576538086,-34.0,106.09278623910987,-32.99418263746754,106.12118782704181,-34.99404404339809,103.68012748057536,-34.994044043398084,103.70852906850732,-32.99418263746754,1053,383.3666476546623,0.14645491433834712,S230518h,1053,383.3666476546623
556,122.92683410644531,-78.0,127.36308216084598,-76.96211518966992,128.15294079107198,-78.95536183558299,117.70072742181866,-78.95536183558299,118.49058605204462,-76.9621151896699,556,382.7171426564041,0.14620678842686222,S230518h,556,382.7171426564041
2589,116.36363983154297,-58.0,118.19898946244466,-56.986416782464765,118.30441118209646,-58.98563648406067,114.42286848098948,-58.98563648406067,114.52829020064128,-56.986416782464765,2589,379.9722266909923,0.14515816712649682,S230518h,2589,379.9722266909923
683,315.0,-86.0,326.32303354518007,-84.90111000549426,333.4428033093052,-86.83805946347707,296.5571966906948,-86.83805946347707,303.67696645481993,-84.90111000549426,683,371.45905881165487,0.14190594036096074,S230518h,683,371.45905881165487
1494,108.0,-40.0,109.28647517473219,-38.99278372700721,109.32471262654192,-40.99256923799098,106.67528737345808,-40.99256923799097,106.71352482526781,-38.99278372700721,1494,364.8550819752567,0.13938306867198075,S230518h,1494,364.8550819752567
4196,98.36065573770492,-13.404255319148929,99.38439577596004,-12.40218432970147,99.39294782893097,-14.40216702959538,97.32836364647888,-14.40216702959538,97.3369156994498,-12.402184329701472,4196,364.13848661252837,0.139109312691627,S230518h,4196,364.13848661252837
5121,92.40641711229947,-3.8297872340425547,93.40748510892077,-2.8292037505741257,93.40982717863068,-4.8292023855074735,91.40300704596825,-4.829202385507473,91.40534911567816,-2.8292037505741257,5121,360.2387165197754,0.13761951044000317,S230518h,5121,360.2387165197754
2148,111.93277740478516,-50.0,113.45658899877279,-48.98981322206358,113.52131045207562,-50.9893805343552,110.3442443574947,-50.9893805343552,110.40896581079753,-48.98981322206358,2148,358.5317232503605,0.13696739958326146,S230518h,2148,358.5317232503605
1769,111.81818389892578,-44.0,113.18517905216743,-42.99171324073946,113.2320423070292,-44.991429148151695,110.40432549082236,-44.9914291481517,110.45118874568416,-42.99171324073946,1769,357.8585627981806,0.13671023674198898,S230518h,1769,357.8585627981806
115,118.53659057617188,-64.0,120.73807240524458,-62.98273147678502,120.90134175868333,-64.98145053462832,116.1718393936604,-64.98145053462832,116.33510874709916,-62.98273147678502,115,357.59440570203526,0.1366093226298081,S230518h,115,357.59440570203526
511,122.55319213867188,-76.0,126.41082118320828,-74.96732495523972,126.98954193935788,-76.96241887129821,118.11684233798586,-76.96241887129821,118.69556309413545,-74.96732495523972,511,350.6499540869409,0.1339563817111406,S230518h,511,350.6499540869409
2026,111.21951293945312,-48.0,112.6853935153397,-46.9904934772408,112.74333384803079,-48.99011770855457,109.69569203087548,-48.99011770855457,109.75363236356657,-46.990493477240804,2026,344.30042153400075,0.1315307136155501,S230518h,2026,344.30042153400075
3654,97.07865168539325,-19.14893617021276,98.1308336008705,-18.145924306497378,98.14366508102582,-20.145887577182837,96.01363828976068,-20.145887577182837,96.02646976991599,-18.145924306497378,3654,340.66101521869837,0.1301403763407484,S230518h,3654,340.66101521869837
2378,112.2935791015625,-54.0,113.95466340781223,-52.98827248920169,114.03640620046058,-54.98769533062323,110.55075200266445,-54.98769533062323,110.63249479531278,-52.9882724892017,2378,340.3503446529892,0.13002169300883432,S230518h,2378,340.3503446529892
3480,102.27272727272728,-21.063829787234038,103.3371597741061,-20.060491346835708,103.35156716912383,-22.060446160912697,101.19388737633072,-22.060446160912697,101.20829477134846,-20.060491346835708,3480,339.60118806524054,0.12973549788842945,S230518h,3480,339.60118806524054
5682,88.08510638297872,1.9148936170212774,89.08624924133264,2.9146016904855045,89.08508147548763,0.9146020309895654,87.08513129046982,0.9146020309895652,87.0839635246248,2.9146016904855045,5682,337.2379661770962,0.1288326925418818,S230518h,5682,337.2379661770962
666,310.9090881347656,-84.0,319.05859658867996,-82.92915504420262,322.23279195807265,-84.90140867067234,299.58538431145865,-84.90140867067234,302.7595796808513,-82.92915504420262,666,337.12239007924063,0.1287885398029449,S230518h,666,337.12239007924063
460,122.26415252685547,-74.0,125.6801991768915,-72.97133701989162,126.12185787727563,-74.96762885931668,118.40644717643532,-74.96762885931668,118.84810587681946,-72.97133701989162,460,334.3850769205647,0.1277428229503609,S230518h,460,334.3850769205647
685,0.0,-88.0,18.441059141610975,-86.83777051177923,45.00436155063499,-88.58603771968255,314.995638449365,-88.58603771968255,341.558940858389,-86.83777051177923,685,334.25528030076237,0.12769323764357732,S230518h,685,334.25528030076237
6055,84.70588235294116,5.7446808510638325,85.71269672277751,6.7438014211578725,85.70916718361671,4.743804504055099,83.70259752226562,4.743804504055099,83.69906798310483,6.7438014211578725,6055,334.19439914105624,0.12766997963434742,S230518h,6055,334.19439914105624
6240,81.29032258064517,7.6595744680851094,82.3016976181865,8.658398118510359,82.29696063504004,6.658403628051217,80.28368452625031,6.658403628051217,80.27894754310387,8.658398118510359,6240,331.57001193846156,0.12666740310533,S230518h,6240,331.57001193846156
2588,112.72727966308594,-58.0,114.56262929398763,-56.986416782464765,114.66805101363944,-58.98563648406067,110.78650831253245,-58.98563648406067,110.89193003218425,-56.986416782464765,2588,330.8298448155036,0.1263846421681122,S230518h,2588,330.8298448155036
4012,94.94505494505493,-15.319148936170206,95.97695318567067,-14.316769909305531,95.9868678488448,-16.31674705168471,93.90324204126509,-16.31674705168471,93.9131567044392,-14.316769909305533,4012,330.18852600428437,0.12613964356915927,S230518h,4012,330.18852600428437
3832,96.00000000000001,-17.234042553191482,97.04135965202798,-16.231350187414584,97.05269736114573,-18.23132087512961,94.94730263885431,-18.23132087512961,94.95864034797206,-16.231350187414588,3832,328.6847062713206,0.12556514969620786,S230518h,3832,328.6847062713206
2379,115.59632873535156,-54.0,117.25741304160128,-52.988272489201684,117.33915583424961,-54.98769533062323,113.85350163645352,-54.98769533062323,113.93524442910184,-52.98827248920169,2379,322.5809552054971,0.12323337580571277,S230518h,2379,322.5809552054971
1900,112.5,-46.0,113.91385089486006,-44.9911246466762,113.96588892909729,-46.99079797176593,111.03411107090272,-46.99079797176593,111.08614910513995,-44.99112464667619,1900,319.20669550795134,0.12194433066320325,S230518h,1900,319.20669550795134
1633,108.52941131591797,-42.0,109.8541178227906,-40.9922647251908,109.896413243361,-42.99201774825931,107.16240938847496,-42.99201774825931,107.20470480904535,-40.99226472519081,1633,318.30677300201637,0.12160053947968699,S230518h,1633,318.30677300201637
5869,86.63101604278074,3.8297872340425547,87.63442610911196,4.8292023855074735,87.63208403940203,2.829203750574125,85.62994804615944,2.8292037505741257,85.62760597644952,4.829202385507474,5869,311.8900675052656,0.1191492097680122,S230518h,5869,311.8900675052656
2796,101.9277108433735,-28.72340425531915,103.05718904901923,-27.718667457637558,103.07900364086576,-29.718575972693287,100.77641804588124,-29.718575972693287,100.79823263772779,-27.718667457637558,2796,311.36173780797,0.11894737562038041,S230518h,2796,311.36173780797
1634,111.17646789550781,-42.0,112.50117440238043,-40.99226472519081,112.54346982295084,-42.99201774825931,109.80946596806479,-42.99201774825931,109.85176138863518,-40.99226472519081,1634,302.38542019339957,0.11551821495823557,S230518h,1634,302.38542019339957
403,122.03390502929688,-72.0,125.10234186237206,-70.97452850996747,125.4500109388146,-72.97164107288127,118.61779911977914,-72.97164107288127,118.96546819622165,-70.97452850996747,403,300.44758946017475,0.11477791885847598,S230518h,403,300.44758946017475
1768,109.09091186523438,-44.0,110.457907018476,-42.99171324073946,110.5047702733378,-44.9914291481517,107.67705345713094,-44.9914291481517,107.72391671199274,-42.99171324073946,1768,299.25061508326644,0.11432064699899691,S230518h,1768,299.25061508326644
673,90.0,-86.0,101.32303354518008,-84.90111000549426,108.44280330930516,-86.83805946347707,71.55719669069484,-86.83805946347707,78.67696645481992,-84.90111000549426,673,298.5013987496041,0.11403442905427302,S230518h,673,298.5013987496041
643,310.3448486328125,-82.0,316.710547585905,-80.9449350865614,318.49470520139784,-82.92945656234663,302.19499206422705,-82.92945656234663,303.97914967971997,-80.9449350865614,643,297.4598452647749,0.11363653156545214,S230518h,643,297.4598452647749
741,102.53164672851562,-30.0,103.67478930572422,-28.995012183528004,103.69806154350508,-30.994910641811856,101.3652319135262,-30.994910641811856,101.38850415130705,-28.995012183528004,741,297.3921621953144,0.1136106750695868,S230518h,741,297.3921621953144
3306,103.44827586206897,-22.978723404255316,104.52646564617875,-21.975050315074856,104.54254387780972,-23.974995541961253,102.35400784632822,-23.97499554196125,102.37008607795917,-21.975050315074853,3306,294.1915965532281,0.11238798506821703,S230518h,3306,294.1915965532281
29,118.63636016845703,-62.0,120.69802055715765,-60.98411360724187,120.83786494437388,-62.98303584617719,116.43485539254021,-62.98303584617719,116.57469977975647,-60.98411360724187,29,278.04891969599936,0.10622110964809255,S230518h,29,278.04891969599936
686,36.0,-88.0,54.44105914161098,-86.83777051177923,81.004361550635,-88.58603771968255,350.995638449365,-88.58603771968255,17.558940858389025,-86.83777051177923,686,276.59831774295907,0.10566694619628668,S230518h,686,276.59831774295907
6425,79.35483870967741,9.574468085106387,80.37195683869568,10.572991777259913,80.36598535018511,8.573000444438934,78.34369206916972,8.573000444438936,78.33772058065915,10.572991777259913,6425,274.6321706242891,0.10491583258324022,S230518h,6425,274.6321706242891
1495,110.57142639160156,-40.0,111.85790156633375,-38.9927837270072,111.89613901814349,-40.99256923799097,109.24671376505965,-40.99256923799097,109.28495121686939,-38.9927837270072,1495,271.59774059275685,0.10375661022247272,S230518h,1495,271.59774059275685
5680,84.25531914893617,1.9148936170212774,85.25646200729008,2.9146016904855045,85.25529424144507,0.9146020309895654,83.25534405642726,0.9146020309895654,83.25417629058225,2.9146016904855054,5680,269.19715350705314,0.10283953050740272,S230518h,5680,269.19715350705314
6610,77.83783783783784,11.489361702127665,78.86191470022128,12.487581668943015,78.85467417646201,10.487594254007638,76.82100149921368,10.487594254007638,76.81376097545439,12.487581668943015,6610,268.7790458226802,0.10267980371459573,S230518h,6610,268.7790458226802
194,112.2077865600586,-66.0,114.57251081382356,-64.98114619980839,114.76527730510564,-66.97960891508912,109.65029581501157,-66.97960891508912,109.84306230629363,-64.98114619980838,194,265.4075726700737,0.10139182309661612,S230518h,194,265.4075726700737
1899,109.6875,-46.0,111.10135089486005,-44.99112464667619,111.15338892909728,-46.99079797176593,108.22161107090272,-46.99079797176593,108.27364910513995,-44.99112464667619,1899,264.17683814685887,0.10092165408146214,S230518h,1899,264.17683814685887
5867,82.7807486631016,3.8297872340425547,83.78415872943282,4.8292023855074735,83.7818166597229,2.8292037505741257,81.7796806664803,2.829203750574125,81.77733859677039,4.8292023855074735,5867,263.8966159892711,0.10081460274474233,S230518h,5867,263.8966159892711
5495,90.0,0.0,91.0,1.0,91.0,-1.0,89.0,-1.0,89.0,1.0,5495,262.23352300244755,0.10017926280995136,S230518h,5495,262.23352300244755
2685,112.25806427001953,-60.0,114.19881846261997,-58.98533206457512,114.31974441436935,-60.9844180042816,110.19638412566971,-60.9844180042816,110.31731007741911,-58.98533206457512,2685,259.1065557650046,0.09898468909911813,S230518h,2685,259.1065557650046
340,121.84616088867188,-70.0,124.63422519080956,-68.97713342301712,124.91464500604768,-70.97483266747543,118.77767677129607,-70.97483266747543,119.05809658653418,-68.97713342301712,340,252.89448297186448,0.0966115338067922,S230518h,340,252.89448297186448
693,288.0,-88.0,306.441059141611,-86.83777051177923,333.004361550635,-88.58603771968255,242.995638449365,-88.58603771968255,269.558940858389,-86.83777051177923,693,246.9390144279434,0.094336407264667,S230518h,693,246.9390144279434
689,144.0,-88.0,162.44105914161096,-86.83777051177923,189.00436155063497,-88.58603771968255,98.995638449365,-88.58603771968255,125.55894085838902,-86.83777051177923,689,246.63992687846945,0.09422214891249722,S230518h,689,246.63992687846945
653,98.18181610107422,-84.0,106.33132455498853,-82.92915504420262,109.5055199243812,-84.90140867067234,86.85811227776722,-84.90140867067234,90.0323076471599,-82.92915504420262,653,246.24994630901236,0.09407316732726316,S230518h,653,246.24994630901236
1352,110.0,-38.0,111.25187027453588,-36.99327419374931,111.28648071109555,-38.99308824443834,108.71351928890445,-38.99308824443833,108.74812972546412,-36.99327419374931,1352,245.600067610891,0.09382489865379885,S230518h,1352,245.600067610891
613,308.5714111328125,-80.0,313.79737568026604,-78.95505850753867,314.9373220000369,-80.94523780272378,302.205500265588,-80.94523780272377,303.34544658535884,-78.95505850753867,613,231.682507291211,0.08850806914636186,S230518h,613,231.682507291211
269,111.54930114746094,-68.0,114.1067599049253,-66.97930462426771,114.33740400112474,-68.97743765666995,108.76119829379715,-68.97743765666995,108.99184238999659,-66.97930462426771,269,230.9613013500617,0.08823255181855696,S230518h,269,230.9613013500617
655,130.90908813476562,-84.0,139.05859658867996,-82.92915504420262,142.23279195807262,-84.90140867067234,119.58538431145863,-84.90140867067234,122.7595796808513,-82.92915504420262,655,230.65191903231673,0.08811436062712094,S230518h,655,230.65191903231673
675,135.0,-86.0,146.32303354518007,-84.90111000549426,153.44280330930516,-86.83805946347707,116.55719669069484,-86.83805946347707,123.67696645481993,-84.90111000549426,675,228.57247482937464,0.08731996491096676,S230518h,675,228.57247482937464
6241,83.22580645161291,7.6595744680851094,84.23718148915422,8.658398118510359,84.23244450600778,6.658403628051217,82.21916839721804,6.658403628051218,82.2144314140716,8.658398118510359,6241,226.69277887225212,0.0866018776384649,S230518h,6241,226.69277887225212
2027,114.14634704589844,-48.0,115.612227621785,-46.990493477240804,115.6701679544761,-48.99011770855457,112.62252613732079,-48.99011770855457,112.68046647001188,-46.990493477240804,2027,226.03598272840227,0.08635096634095439,S230518h,2027,226.03598272840227
6426,81.29032258064517,9.574468085106387,82.30744070966344,10.572991777259913,82.30146922115287,8.573000444438936,80.27917594013748,8.573000444438936,80.27320445162691,10.572991777259913,6426,225.6245088998661,0.08619377383430467,S230518h,6426,225.6245088998661
2798,106.26506024096386,-28.72340425531915,107.39453844660957,-27.718667457637558,107.41635303845612,-29.718575972693287,105.11376744347159,-29.718575972693287,105.13558203531815,-27.71866745763756,2798,216.5533190838061,0.08272836979984967,S230518h,2798,216.5533190838061
2149,114.9579849243164,-50.0,116.48179651830404,-48.98981322206358,116.54651797160689,-50.9893805343552,113.36945187702594,-50.989380534355206,113.43417333032879,-48.98981322206358,2149,214.12421930975032,0.0818003975792482,S230518h,2149,214.12421930975032
271,121.69013977050781,-68.0,124.24759852797217,-66.97930462426771,124.4782426241716,-68.97743765666995,118.90203691684404,-68.97743765666995,119.13268101304347,-66.97930462426771,271,202.140588739032,0.07722237390547805,S230518h,271,202.140588739032
4935,94.33155080213902,-5.7446808510638325,95.33483563281457,-4.743804504055099,95.33836517197537,-6.7438014211578725,93.32473643230269,-6.7438014211578725,93.32826597146348,-4.743804504055098,4935,197.30035345151356,0.07537329222675695,S230518h,4935,197.30035345151356
1205,109.45945739746094,-36.0,110.67998302874666,-34.9937395182972,110.7113326854318,-36.9935787152552,108.20758210949009,-36.9935787152552,108.23893176617523,-34.9937395182972,1205,197.08104403591375,0.07528951096442817,S230518h,1205,197.08104403591375
338,110.76923370361328,-70.0,113.55729800575098,-68.97713342301712,113.83771782098908,-70.97483266747543,107.7007495862375,-70.97483266747544,107.9811694014756,-68.97713342301712,338,194.199160574907,0.0741885649170948,S230518h,338,194.199160574907
3134,104.65116279069768,-24.893617021276594,105.74470712837707,-23.88960013106632,105.76256552932672,-25.889534533185728,103.53976005206863,-25.889534533185728,103.55761845301828,-23.88960013106632,3134,188.82928814102365,0.07213714961499823,S230518h,3134,188.82928814102365
2265,110.52632141113281,-52.0,112.11484403519977,-50.98907605720671,112.18741742947326,-52.98857695541235,108.86522539279235,-52.98857695541235,108.93779878706586,-50.9890760572067,2265,183.1106522012208,0.06995249859796333,S230518h,2265,183.1106522012208
6794,76.72131147540983,13.404255319148941,77.75360356663589,14.402167029595393,77.74505151366496,12.402184329701484,75.69757143715472,12.402184329701482,75.6890193841838,14.402167029595393,6794,183.09617517419886,0.06994696803925317,S230518h,6794,183.09617517419886
684,337.5,-86.0,348.82303354518007,-84.90111000549426,355.9428033093052,-86.83805946347707,319.05719669069487,-86.83805946347707,326.17696645481993,-84.90111000549426,684,180.3364065261,0.06889267267103673,S230518h,684,180.3364065261
6611,79.78378378378379,11.489361702127665,80.80786064616724,12.487581668943015,80.80062012240796,10.487594254007638,78.76694744515963,10.487594254007638,78.75970692140035,12.487581668943013,6611,176.46393572006448,0.06741329937749303,S230518h,6611,176.46393572006448
4564,96.77419354838709,-9.574468085106387,97.78534018889479,-8.573000444438936,97.79131167740536,-10.572991777259913,95.75707541936883,-10.572991777259913,95.76304690787939,-8.573000444438936,4564,172.20417865121456,0.0657859737860854,S230518h,4564,172.20417865121456
6053,80.85561497326204,5.7446808510638325,81.86242934309838,6.743801421157872,81.85889980393759,4.743804504055097,79.8523301425865,4.743804504055098,79.8488006034257,6.7438014211578725,6053,170.709656186189,0.06521503168423302,S230518h,6053,170.709656186189
2487,117.69231414794922,-56.0,119.43512802302627,-54.987390877317154,119.52767879315131,-56.98672122041223,115.85694950274714,-56.986721220412235,115.94950027287217,-54.987390877317154,2487,164.67429822805866,0.06290938554060849,S230518h,2487,164.67429822805866
682,292.5,-86.0,303.82303354518007,-84.90111000549426,310.9428033093052,-86.83805946347707,274.05719669069487,-86.83805946347707,281.17696645481993,-84.90111000549426,682,162.8922390183878,0.0622285977608293,S230518h,682,162.8922390183878
5308,91.91489361702128,-1.9148936170212774,92.91486870953018,-0.9146020309895652,92.9160364753752,-2.9146016904855045,90.91375075866736,-2.9146016904855045,90.91491852451237,-0.9146020309895654,5308,159.5226459952865,0.060941335395747566,S230518h,5308,159.5226459952865
401,109.83051300048828,-72.0,112.89894983356348,-70.97452850996747,113.246618910006,-72.97164107288127,106.41440709097054,-72.97164107288127,106.76207616741308,-70.97452850996747,401,158.11810282719765,0.06040476746365072,S230518h,401,158.11810282719765
577,307.31707763671875,-78.0,311.7533256911194,-76.96211518966992,312.54318432134534,-78.95536183558299,302.09097095209205,-78.95536183558299,302.88082958231803,-76.9621151896699,577,153.60009335562296,0.05867878348933442,S230518h,577,153.60009335562296
1203,104.59459686279297,-36.0,105.8151224940787,-34.9937395182972,105.84647215076383,-36.9935787152552,103.34272157482212,-36.9935787152552,103.37407123150726,-34.9937395182972,1203,152.08175903397373,0.058098744708249786,S230518h,1203,152.08175903397373
743,107.08860778808594,-30.0,108.23175036529453,-28.995012183528004,108.25502260307537,-30.994910641811856,105.9221929730965,-30.994910641811856,105.94546521087734,-28.995012183528004,743,151.9449062769021,0.05804646379404792,S230518h,743,151.9449062769021
4932,88.55614973262031,-5.7446808510638325,89.55943456329587,-4.743804504055097,89.56296410245666,-6.7438014211578725,87.54933536278396,-6.7438014211578725,87.55286490194476,-4.743804504055098,4932,149.63654166072277,0.05716461519247434,S230518h,4932,149.63654166072277
5305,86.17021276595744,-1.9148936170212774,87.17018785846635,-0.9146020309895654,87.17135562431136,-2.9146016904855045,85.16906990760353,-2.9146016904855045,85.17023767344854,-0.9146020309895652,5305,146.15157385630397,0.055833276996023265,S230518h,5305,146.15157385630397
196,121.55843353271484,-66.0,123.92315778647982,-64.98114619980839,124.11592427776189,-66.9796089150891,119.00094278766784,-66.97960891508912,119.19370927894988,-64.98114619980839,196,143.92031782833288,0.05498088565618561,S230518h,196,143.92031782833288
2962,100.11834319526626,-26.80851063829787,101.22894368771715,-25.804139612613287,101.24870796388679,-27.804061826697495,98.98797842664572,-27.80406182669749,99.00774270281538,-25.804139612613287,2962,140.78643579002323,0.05378367033170447,S230518h,2962,140.78643579002323
667,327.272705078125,-84.0,335.4222135320393,-82.92915504420262,338.59640890143197,-84.90140867067234,315.949001254818,-84.90140867067234,319.12319662421066,-82.92915504420262,667,139.73528722344065,0.05338210730002832,S230518h,667,139.73528722344065
458,108.67924499511719,-74.0,112.09529164515322,-72.97133701989162,112.53695034553733,-74.96762885931668,104.82153964469703,-74.96762885931668,105.26319834508115,-72.97133701989162,458,138.7008702694028,0.05298693613080805,S230518h,458,138.7008702694028
2485,110.76923370361328,-56.0,112.51204757869034,-54.98739087731716,112.60459834881537,-56.986721220412235,108.93386905841122,-56.986721220412235,109.02641982853625,-54.987390877317154,2485,135.10237246949535,0.051612226853784776,S230518h,2485,135.10237246949535
6239,79.35483870967741,7.6595744680851094,80.36621374721872,8.658398118510357,80.36147676407228,6.658403628051216,78.34820065528255,6.658403628051217,78.3434636721361,8.658398118510357,6239,135.06994899389028,0.051599840337192004,S230518h,6239,135.06994899389028
4561,90.96774193548387,-9.574468085106387,91.97888857599158,-8.573000444438936,91.98486006450214,-10.572991777259913,89.95062380646561,-10.572991777259913,89.95659529497618,-8.573000444438936,4561,127.05730336419609,0.04853882463199305,S230518h,4561,127.05730336419609
509,107.23403930664062,-76.0,111.09166835117705,-74.96732495523972,111.67038910732663,-76.96241887129821,102.79768950595461,-76.96241887129821,103.3764102621042,-74.96732495523972,509,122.19484359132343,0.046681252686529465,S230518h,509,122.19484359132343
2267,116.84210968017578,-52.0,118.43063230424275,-50.9890760572067,118.50320569851625,-52.988576955412356,115.18101366183534,-52.988576955412356,115.25358705610884,-50.98907605720671,2267,116.32917966973815,0.04444043358442765,S230518h,2267,116.32917966973815
626,99.31034851074219,-82.0,105.67604746383469,-80.9449350865614,107.46020507932757,-82.92945656234663,91.16049194215682,-82.92945656234663,92.9446495576497,-80.9449350865614,626,115.93974175922573,0.044291659307444685,S230518h,626,115.93974175922573
554,105.36585998535156,-78.0,109.80210803975224,-76.9621151896699,110.5919666699782,-78.95536183558298,100.13975330072492,-78.95536183558298,100.92961193095088,-76.9621151896699,554,114.17627678404722,0.04361797495472788,S230518h,554,114.17627678404722
593,102.85713958740234,-80.0,108.08310413485593,-78.95505850753867,109.22305045462679,-80.94523780272378,96.49122872017789,-80.94523780272378,97.63117503994876,-78.95505850753867,593,110.03649529945707,0.042036482807682074,S230518h,593,110.03649529945707
665,294.5454406738281,-84.0,302.6949491277424,-82.92915504420262,305.86914449713515,-84.90140867067234,283.2217368505211,-84.90140867067234,286.39593221991385,-82.92915504420262,665,104.7896329705592,0.040032060206955364,S230518h,665,104.7896329705592
6976,75.16483516483517,15.319148936170219,76.20664806862503,16.316747051684718,76.1967334054509,14.316769909305542,74.13293692421946,14.316769909305542,74.12302226104532,16.316747051684718,6976,102.16112807548114,0.03902791062429956,S230518h,6976,102.16112807548114
6793,74.75409836065575,13.404255319148941,75.78639045188179,14.402167029595397,75.77783839891086,12.402184329701482,73.73035832240062,12.402184329701482,73.72180626942969,14.402167029595393,6793,99.17357840483338,0.03788659764422411,S230518h,6793,99.17357840483338
27,110.45454406738281,-62.0,112.5162044560834,-60.98411360724187,112.65604884329963,-62.98303584617719,108.25303929146598,-62.98303584617719,108.39288367868222,-60.98411360724187,27,99.14606710752449,0.037876087693201096,S230518h,27,99.14606710752449
2687,120.0,-60.0,121.94075419260042,-58.98533206457512,122.0616801443498,-60.9844180042816,117.93831985565016,-60.9844180042816,118.05924580739956,-58.98533206457512,2687,98.80307309311769,0.037745056057283295,S230518h,2687,98.80307309311769
6609,75.89189189189189,11.489361702127665,76.91596875427534,12.487581668943013,76.90872823051605,10.487594254007638,74.87505555326771,10.487594254007638,74.86781502950846,12.487581668943013,6609,97.42661330388009,0.03721921662457248,S230518h,6609,97.42661330388009
644,322.7586364746094,-82.0,329.12433542770185,-80.9449350865614,330.9084930431947,-82.92945656234664,314.608779906024,-82.92945656234664,316.3929375215169,-80.9449350865614,644,88.48240628580488,0.03380232295197364,S230518h,644,88.48240628580488
1350,105.0,-38.0,106.25187027453589,-36.993274193749315,106.28648071109556,-38.99308824443833,103.71351928890446,-38.99308824443833,103.74812972546414,-36.993274193749315,1350,87.10807225143526,0.033277295606722705,S230518h,1350,87.10807225143526
642,297.9310302734375,-82.0,304.29672922653003,-80.9449350865614,306.0808868420229,-82.92945656234664,289.78117370485216,-82.92945656234664,291.565331320345,-80.9449350865614,642,85.89273286410612,0.032813007889071155,S230518h,642,85.89273286410612
6424,77.41935483870968,9.574468085106387,78.43647296772795,10.572991777259913,78.43050147921738,8.573000444438936,76.40820819820199,8.573000444438936,76.40223670969142,10.572991777259913,6424,85.6295533562355,0.03271246723819137,S230518h,6424,85.6295533562355
898,102.19354248046875,-32.0,103.35995357063996,-30.994606110718944,103.38567518024925,-32.99448716574666,101.00140978068825,-32.99448716574666,101.02713139029755,-30.994606110718944,898,84.31841694790106,0.03221158284581334,S230518h,898,84.31841694790106
614,318.8571472167969,-80.0,324.0831117642505,-78.95505850753867,325.2230580840214,-80.94523780272377,312.49123634957243,-80.94523780272378,313.6311826693433,-78.95505850753867,614,76.13667499200871,0.02908596843824999,S230518h,614,76.13667499200871
1055,109.66886901855469,-34.0,110.86099760385596,-32.99418263746754,110.88939919178792,-34.99404404339809,108.44833884532146,-34.99404404339809,108.47674043325341,-32.99418263746754,1055,70.39971108111087,0.0268943157129206,S230518h,1055,70.39971108111087
692,252.0,-88.0,270.441059141611,-86.83777051177923,297.004361550635,-88.58603771968255,206.99563844936498,-88.58603771968255,233.558940858389,-86.83777051177923,692,68.44233271800448,0.026146551967038585,S230518h,692,68.44233271800448
113,109.756103515625,-64.0,111.95758534469772,-62.98273147678502,112.12085469813647,-64.98145053462832,107.39135233311355,-64.98145053462832,107.55462168655228,-62.98273147678502,113,66.78200926779483,0.02551227005920438,S230518h,113,66.78200926779483
2965,106.50887573964496,-26.80851063829787,107.61947623209585,-25.80413961261329,107.63924050826549,-27.804061826697502,105.37851097102445,-27.804061826697502,105.39827524719409,-25.80413961261329,2965,64.6129276397267,0.02468363077622283,S230518h,2965,64.6129276397267
6795,78.68852459016394,13.404255319148941,79.72081668138999,14.402167029595393,79.71226462841905,12.402184329701482,77.66478455190882,12.402184329701482,77.6562324989379,14.402167029595393,6795,64.08128779091577,0.024480532074254904,S230518h,6795,64.08128779091577
5492,84.25531914893617,0.0,85.25531914893617,1.0,85.25531914893617,-1.0,83.25531914893617,-1.0,83.25531914893617,1.0,5492,62.58939718398977,0.02391059540298674,S230518h,5492,62.58939718398977
578,316.0975646972656,-78.0,320.5338127516663,-76.96211518966992,321.3236713818923,-78.95536183558299,310.871458012639,-78.95536183558299,311.66131664286496,-76.96211518966992,578,60.2588017425834,0.02302025411269281,S230518h,578,60.2588017425834
535,306.38299560546875,-76.0,310.2406246500052,-74.96732495523972,310.81934540615475,-76.96241887129821,301.9466458047827,-76.96241887129821,302.5253665609323,-74.96732495523972,535,54.99851891600987,0.021010704571869744,S230518h,535,54.99851891600987
5118,86.63101604278074,-3.8297872340425547,87.63208403940203,-2.829203750574125,87.63442610911196,-4.8292023855074735,85.62760597644952,-4.829202385507474,85.62994804615944,-2.8292037505741257,5118,53.848459282885315,0.020571355228144433,S230518h,5118,53.848459282885315
690,180.0,-88.0,198.44105914161096,-86.83777051177923,225.004361550635,-88.58603771968255,134.995638449365,-88.58603771968255,161.558940858389,-86.83777051177923,690,53.81139971529342,0.020557197617329066,S230518h,690,53.81139971529342
4376,91.45945945945947,-11.489361702127665,92.47629579808363,-10.487594254007638,92.4835363218429,-12.487581668943013,90.43538259707603,-12.487581668943013,90.44262312083531,-10.487594254007638,4376,53.0481574887925,0.020265621457573265,S230518h,4376,53.0481574887925
6975,73.18681318681318,15.319148936170219,74.22862609060304,16.316747051684725,74.21871142742891,14.316769909305544,72.15491494619745,14.316769909305542,72.14500028302332,16.316747051684718,6975,52.07211510439767,0.019892750722282,S230518h,6975,52.07211510439767
629,136.55172729492188,-82.0,142.91742624801438,-80.9449350865614,144.70158386350727,-82.92945656234663,128.40187072633648,-82.92945656234663,130.1860283418294,-80.9449350865614,629,51.11664829970995,0.019527740333689914,S230518h,629,51.11664829970995
2147,108.90756225585938,-50.0,110.43137384984699,-48.98981322206358,110.49609530314984,-50.9893805343552,107.3190292085689,-50.9893805343552,107.38375066187174,-48.98981322206358,2147,50.754461337630225,0.01938937654844578,S230518h,2147,50.754461337630225
2590,120.0,-58.0,121.83534963090167,-56.98641678246476,121.94077135055348,-58.98563648406067,118.05922864944651,-58.98563648406067,118.1646503690983,-56.98641678246476,2590,49.07265309954996,0.018746886955393213,S230518h,2590,49.07265309954996
6056,86.63101604278074,5.7446808510638325,87.63783041261709,6.743801421157872,87.6343008734563,4.743804504055097,85.62773121210519,4.743804504055098,85.6242016729444,6.7438014211578725,6056,47.83092367450703,0.018272517633782622,S230518h,6056,47.83092367450703
1493,105.42857360839844,-40.0,106.71504878313063,-38.9927837270072,106.75328623494036,-40.99256923799097,104.10386098185653,-40.99256923799097,104.14209843366626,-38.9927837270072,1493,46.98896473537069,0.017950869871615545,S230518h,1493,46.98896473537069
596,133.7142791748047,-80.0,138.94024372225826,-78.95505850753867,140.08019004202913,-80.94523780272378,127.34836830758023,-80.94523780272377,128.4883146273511,-78.95505850753867,596,45.51886362202278,0.017389257290184038,S230518h,596,45.51886362202278
7156,72.0,17.234042553191482,73.05269736114572,18.23132087512961,73.04135965202796,16.231350187414588,70.95864034797204,16.231350187414584,70.9473026388543,18.23132087512961,7156,44.802842759871524,0.01711572078232044,S230518h,7156,44.802842759871524
901,109.16128540039062,-32.0,110.32769649056182,-30.994606110718944,110.35341810017113,-32.99448716574666,107.96915270061012,-32.99448716574666,107.99487431021943,-30.994606110718944,901,43.25601650114814,0.016524797423171814,S230518h,901,43.25601650114814
4193,92.45901639344262,-13.404255319148929,93.48275643169775,-12.40218432970147,93.49130848466868,-14.40216702959538,91.42672430221658,-14.402167029595384,91.43527635518751,-12.40218432970147,4193,42.32521354081734,0.016169209192805137,S230518h,4193,42.32521354081734
2025,108.29268646240234,-48.0,109.75856703828892,-46.990493477240804,109.81650737098,-48.99011770855457,106.7688655538247,-48.99011770855457,106.82680588651579,-46.990493477240804,2025,42.21483663151947,0.016127042663987238,S230518h,2025,42.21483663151947
672,67.5,-86.0,78.82303354518007,-84.90111000549426,85.94280330930515,-86.83805946347707,49.05719669069484,-86.83805946347707,56.17696645481992,-84.90111000549426,672,41.52120250543905,0.015862058406387526,S230518h,672,41.52120250543905
3835,102.0,-17.234042553191482,103.04135965202796,-16.231350187414584,103.05269736114572,-18.23132087512961,100.9473026388543,-18.23132087512961,100.95864034797204,-16.231350187414584,3835,40.093691462454586,0.015316716215572686,S230518h,3835,40.093691462454586
4746,89.03225806451613,-7.6595744680851094,90.038896118911,-6.658403628051217,90.04363310205744,-8.658398118510357,88.02088302697481,-8.658398118510357,88.02562001012127,-6.658403628051217,4746,38.87122515457693,0.01484970584965527,S230518h,4746,38.87122515457693
536,314.04254150390625,-76.0,317.90017054844265,-74.96732495523972,318.47889130459225,-76.96241887129821,309.60619170322025,-76.96241887129821,310.18491245936985,-74.96732495523972,536,38.68294759964531,0.014777779474870096,S230518h,536,38.68294759964531
4015,100.87912087912088,-15.319148936170206,101.91101911973661,-14.316769909305533,101.92093378291074,-16.31674705168471,99.83730797533103,-16.31674705168471,99.84722263850514,-14.316769909305531,4015,37.62770731715529,0.014374653313207584,S230518h,4015,37.62770731715529
1770,114.54545593261719,-44.0,115.91245108585883,-42.99171324073946,115.95931434072061,-44.99142914815171,113.13159752451377,-44.99142914815171,113.17846077937556,-42.99171324073946,1770,37.127579186886685,0.014183592815574866,S230518h,1770,37.127579186886685
557,131.7073211669922,-78.0,136.14356922139285,-76.96211518966992,136.93342785161883,-78.95536183558299,126.48121448236553,-78.95536183558298,127.27107311259152,-76.9621151896699,557,36.51042739652142,0.013947826576793653,S230518h,557,36.51042739652142
612,298.28570556640625,-80.0,303.51167011385985,-78.95505850753867,304.65161643363075,-80.94523780272378,291.9197946991818,-80.94523780272378,293.0597410189527,-78.95505850753867,612,36.36911135713945,0.013893840585657137,S230518h,612,36.36911135713945
5683,90.0,1.9148936170212774,91.00114285835392,2.914601690485505,90.9999750925089,0.9146020309895652,89.0000249074911,0.9146020309895652,88.99885714164608,2.914601690485505,5683,34.902105628153734,0.013333410512548624,S230518h,5683,34.902105628153734
7155,70.0,17.234042553191482,71.0526973611457,18.23132087512961,71.04135965202796,16.231350187414588,68.95864034797204,16.231350187414588,68.9473026388543,18.23132087512961,7155,34.732076722688966,0.013268455543363832,S230518h,7155,34.732076722688966
7511,67.5,21.063829787234038,68.57883989639654,22.060446160912697,68.56443250137882,20.06049134683571,66.43556749862118,20.06049134683571,66.42116010360346,22.060446160912697,7511,33.94403875041872,0.012967406835996446,S230518h,7511,33.94403875041872
3131,98.37209302325581,-24.893617021276594,99.46563736093522,-23.88960013106632,99.48349576188487,-25.88953453318573,97.26069028462678,-25.889534533185728,97.27854868557641,-23.88960013106632,3131,33.33069065507061,0.012733093696568856,S230518h,3131,33.33069065507061
7334,68.76404494382022,19.14893617021276,69.82905833945279,20.145887577182837,69.81622685929747,18.145924306497378,67.71186302834296,18.145924306497378,67.69903154818766,20.145887577182837,7334,32.517764388606004,0.012422537085953856,S230518h,7334,32.517764388606004
1635,113.82352447509766,-42.0,115.14823098197027,-40.9922647251908,115.19052640254067,-42.99201774825931,112.45652254765463,-42.9920177482593,112.49881796822503,-40.9922647251908,1635,31.397976530201483,0.011994752259383639,S230518h,1635,31.397976530201483
7335,70.78651685393258,19.14893617021276,71.85153024956516,20.145887577182833,71.83869876940985,18.145924306497378,69.73433493845533,18.145924306497378,69.72150345830002,20.145887577182837,7335,30.594483835852834,0.011687799491211898,S230518h,7335,30.594483835852834
1901,115.3125,-46.0,116.72635089486003,-44.99112464667619,116.77838892909728,-46.99079797176593,113.84661107090271,-46.99079797176593,113.89864910513992,-44.99112464667619,1901,30.3834418593463,0.01160717658157657,S230518h,1901,30.3834418593463
488,312.45281982421875,-74.0,315.86886647425473,-72.97133701989162,316.3105251746389,-74.96762885931668,308.59511447379856,-74.96762885931668,309.0367731741827,-72.97133701989162,488,30.265050995773777,0.011561948537120873,S230518h,488,30.265050995773777
116,122.92683410644531,-64.0,125.12831593551803,-62.98273147678502,125.29158528895678,-64.98145053462832,120.56208292393386,-64.98145053462832,120.72535227737261,-62.98273147678502,116,29.669604466855372,0.011334474209556607,S230518h,116,29.669604466855372
487,305.6603698730469,-74.0,309.07641652308286,-72.97133701989162,309.518075223467,-74.96762885931668,301.80266452262674,-74.96762885931668,302.24432322301084,-72.97133701989162,487,28.947466718601618,0.011058600909915112,S230518h,487,28.947466718601618
6427,83.22580645161291,9.574468085106387,84.24292458063117,10.572991777259912,84.23695309212061,8.573000444438936,82.21465981110521,8.573000444438936,82.20868832259464,10.572991777259913,6427,28.853874140250706,0.011022846383200427,S230518h,6427,28.853874140250706
5866,80.85561497326204,3.8297872340425547,81.85902503959326,4.829202385507473,81.85668296988334,2.829203750574125,79.85454697664075,2.8292037505741257,79.85220490693082,4.829202385507473,5866,28.79340797911829,0.010999746913011267,S230518h,5866,28.79340797911829
669,0.0,-86.0,11.323033545180072,-84.90111000549426,18.442803309305162,-86.83805946347707,341.5571966906948,-86.83805946347707,348.67696645481993,-84.90111000549426,669,28.72318186458533,0.010972918915189443,S230518h,669,28.72318186458533
5870,88.55614973262031,3.8297872340425547,89.55955979895154,4.829202385507473,89.55721772924161,2.829203750574125,87.55508173599902,2.8292037505741257,87.5527396662891,4.8292023855074735,5870,28.64858867403563,0.010944422593459282,S230518h,5870,28.64858867403563
1632,105.8823471069336,-42.0,107.20705361380621,-40.99226472519081,107.24934903437662,-42.99201774825931,104.51534517949057,-42.99201774825931,104.55764060006096,-40.99226472519081,1632,28.412941814074344,0.010854400050025043,S230518h,1632,28.412941814074344
6242,85.16129032258064,7.6595744680851094,86.17266536012195,8.658398118510357,86.16792837697551,6.658403628051217,84.15465226818577,6.658403628051217,84.14991528503933,8.658398118510359,6242,28.16105967342362,0.010758175254367827,S230518h,6242,28.16105967342362
2380,118.89907836914062,-54.0,120.56016267539034,-52.98827248920169,120.64190546803867,-54.98769533062323,117.15625127024255,-54.98769533062323,117.23799406289088,-52.988272489201684,2380,27.39828308163882,0.010466776977828732,S230518h,2380,27.39828308163882
7510,65.45454545454545,21.063829787234038,66.53338535094201,22.0604461609127,66.51897795592427,20.06049134683571,64.39011295316664,20.06049134683571,64.37570555814891,22.060446160912704,7510,27.32334317968859,0.010438148204335291,S230518h,7510,27.32334317968859
512,130.2127685546875,-76.0,134.07039759922392,-74.96732495523972,134.64911835537353,-76.96241887129821,125.7764187540015,-76.96241887129821,126.35513951015109,-74.96732495523972,512,27.267372444543014,0.01041676609070765,S230518h,512,27.267372444543014
7157,74.0,17.234042553191482,75.05269736114572,18.23132087512961,75.04135965202796,16.231350187414584,72.95864034797205,16.231350187414584,72.9473026388543,18.23132087512961,7157,26.826957927707333,0.010248517572660674,S230518h,7157,26.826957927707333
7685,64.13793103448275,22.978723404255316,65.23219905022351,23.974995541961256,65.21612081859254,21.97505031507486,63.05974125037296,21.975050315074856,63.043663018741995,23.974995541961253,7685,26.651891160356545,0.010181638023871791,S230518h,7685,26.651891160356545
7686,66.20689655172414,22.978723404255316,67.30116456746491,23.974995541961256,67.28508633583394,21.97505031507486,65.12870676761436,21.97505031507486,65.11262853598339,23.974995541961256,7686,25.013522932114075,0.009555743517946837,S230518h,7686,25.013522932114075
434,311.18646240234375,-72.0,314.254899235419,-70.97452850996747,314.6025683118615,-72.97164107288127,307.770356492826,-72.97164107288127,308.1180255692686,-70.97452850996748,434,24.397363685036442,0.009320356453627087,S230518h,434,24.397363685036442
1052,102.51655578613281,-34.0,103.70868437143409,-32.99418263746754,103.73708595936606,-34.99404404339809,101.2960256128996,-34.99404404339809,101.32442720083154,-32.99418263746754,1052,24.07701665888898,0.009197976490320437,S230518h,1052,24.07701665888898
7857,60.69767441860465,24.893617021276594,61.809077157233695,25.889534533185728,61.79121875628404,23.88960013106632,59.604130080925245,23.88960013106632,59.5862716799756,25.889534533185728,7857,23.697995075293367,0.009053181490814159,S230518h,7857,23.697995075293367
5679,82.34042553191489,1.9148936170212774,83.3415683902688,2.9146016904855045,83.3404006244238,0.9146020309895652,81.34045043940598,0.9146020309895652,81.33928267356097,2.9146016904855045,5679,22.965155416095534,0.0087732198140012,S230518h,5679,22.965155416095534
3657,103.14606741573033,-19.14893617021276,104.19824933120759,-18.145924306497378,104.2110808113629,-20.145887577182837,102.08105402009777,-20.145887577182837,102.09388550025308,-18.145924306497378,3657,22.458869724144517,0.008579806985579544,S230518h,3657,22.458869724144517
6612,81.72972972972974,11.489361702127665,82.75380659211318,12.487581668943013,82.7465660683539,10.487594254007638,80.71289339110558,10.487594254007638,80.7056528673463,12.487581668943013,6612,22.441098100611903,0.008573017814904303,S230518h,6612,22.441098100611903
8194,54.216867469879524,28.72340425531915,55.36816026737179,29.718575972693287,55.34634567552524,27.71866745763756,53.087389264233806,27.71866745763756,53.065574672387264,29.718575972693287,8194,22.259709611351273,0.008503723222327857,S230518h,8194,22.259709611351273
7512,69.54545454545455,21.063829787234038,70.62429444185109,22.0604461609127,70.60988704683336,20.06049134683571,68.48102204407573,20.06049134683571,68.46661464905799,22.060446160912697,7512,22.240593813116174,0.00849642054586876,S230518h,7512,22.240593813116174
8027,57.514792899408285,26.808510638297882,58.64515766802881,27.80406182669751,58.62539339185916,25.804139612613305,56.40419240695741,25.8041396126133,56.384428130787754,27.80406182669751,8027,21.729346145290066,0.008301112128051987,S230518h,8027,21.729346145290066
2377,108.9908218383789,-54.0,110.65190614462864,-52.988272489201684,110.73364893727698,-54.98769533062323,107.24799473948086,-54.98769533062323,107.32973753212919,-52.9882724892017,2377,21.4385320424572,0.008190014423597694,S230518h,2377,21.4385320424572
7333,66.74157303370787,19.14893617021276,67.80658642934044,20.145887577182837,67.79375494918513,18.145924306497374,65.68939111823062,18.145924306497378,65.67655963807532,20.145887577182837,7333,20.674579796712294,0.007898167020090793,S230518h,7333,20.674579796712294
6977,77.14285714285714,15.319148936170219,78.184670046647,16.31674705168472,78.17475538347287,14.316769909305542,76.11095890224142,14.316769909305542,76.10104423906729,16.316747051684725,6977,20.644484792582585,0.007886670033384221,S230518h,6977,20.644484792582585
1496,113.14285278320312,-40.0,114.4293279579353,-38.99278372700721,114.46756540974503,-40.99256923799097,111.81814015666122,-40.99256923799097,111.85637760847095,-38.99278372700721,1496,20.427058899998556,0.00780360832035274,S230518h,1496,20.427058899998556
4750,96.77419354838709,-7.6595744680851094,97.78083160278196,-6.658403628051218,97.7855685859284,-8.658398118510359,95.76281851084578,-8.658398118510359,95.76755549399222,-6.658403628051217,4750,20.307766144625884,0.007758035732397649,S230518h,4750,20.307766144625884
7858,62.79069767441862,24.893617021276594,63.90210041304766,25.889534533185728,63.88424201209801,23.88960013106632,61.69715333673921,23.88960013106632,61.679294935789564,25.889534533185728,7858,20.191640817541405,0.007713673175209342,S230518h,7858,20.191640817541405
7684,62.06896551724138,22.978723404255316,63.16323353298214,23.974995541961253,63.14715530135117,21.975050315074856,60.99077573313159,21.975050315074856,60.97469750150062,23.974995541961256,7684,19.602547692433735,0.007488625994650561,S230518h,7684,19.602547692433735
6792,72.78688524590163,13.404255319148941,73.81917733712768,14.402167029595393,73.81062528415676,12.402184329701482,71.76314520764652,12.402184329701482,71.75459315467558,14.402167029595397,6792,18.972583310265446,0.007247965049857639,S230518h,6792,18.972583310265446
6974,71.2087912087912,15.319148936170219,72.25060411258106,16.31674705168472,72.24068944940693,14.316769909305542,70.17689296817548,14.316769909305544,70.16697830500135,16.31674705168472,6974,18.91328423601362,0.00722531143381403,S230518h,6974,18.91328423601362
2587,109.09091186523438,-58.0,110.92626149613606,-56.986416782464765,111.03168321578787,-58.98563648406067,107.15014051468088,-58.98563648406067,107.25556223433269,-56.986416782464765,2587,18.747735446951587,0.0071620679725760104,S230518h,2587,18.747735446951587
374,310.15386962890625,-70.0,312.94193393104393,-68.97713342301712,313.222353746282,-70.97483266747543,307.08538551153043,-70.97483266747543,307.36580532676857,-68.97713342301712,374,18.67043798010837,0.007132538554838836,S230518h,374,18.67043798010837
1767,106.36363983154297,-44.0,107.7306349847846,-42.99171324073946,107.7774982396464,-44.9914291481517,104.94978142343953,-44.9914291481517,104.99664467830134,-42.99171324073946,1767,18.368390018124224,0.007017149256711084,S230518h,1767,18.368390018124224
676,157.5,-86.0,168.82303354518007,-84.90111000549426,175.94280330930516,-86.83805946347707,139.05719669069484,-86.83805946347707,146.17696645481993,-84.90111000549426,676,18.361593172787494,0.007014552704800135,S230518h,676,18.361593172787494
691,216.0,-88.0,234.44105914161094,-86.83777051177923,261.004361550635,-88.58603771968255,170.995638449365,-88.58603771968255,197.558940858389,-86.83777051177923,691,18.129650863654007,0.006925945385349168,S230518h,691,18.129650863654007
8193,52.04819277108434,28.72340425531915,53.19948556857659,29.718575972693287,53.17767097673004,27.718667457637558,50.91871456543861,27.71866745763756,50.89689997359207,29.718575972693287,8193,18.126004842838576,0.006924552521182536,S230518h,8193,18.126004842838576
8028,59.64497041420118,26.808510638297882,60.775335182821706,27.80406182669751,60.75557090665206,25.8041396126133,58.53436992175029,25.8041396126133,58.514605645580644,27.80406182669751,8028,17.83091997203442,0.006811823284717775,S230518h,8028,17.83091997203442
461,129.05661010742188,-74.0,132.4726567574579,-72.97133701989162,132.91431545784204,-74.96762885931668,125.19890475700173,-74.96762885931668,125.64056345738585,-72.97133701989162,461,17.829555144840427,0.006811301889205136,S230518h,461,17.829555144840427
7336,72.80898876404494,19.14893617021276,73.8740021596775,20.145887577182833,73.86117067952219,18.145924306497374,71.75680684856768,18.145924306497374,71.74397536841238,20.145887577182837,7336,17.40573380097291,0.006649392346498141,S230518h,7336,17.40573380097291
8195,56.385542168674704,28.72340425531915,57.536834966166964,29.718575972693287,57.51502037432042,27.71866745763756,55.256063963028986,27.71866745763756,55.234249371182436,29.718575972693287,8195,17.254330115801086,0.006591552641667261,S230518h,8195,17.254330115801086
433,305.0847473144531,-72.0,308.1531841475283,-70.97452850996747,308.5008532239708,-72.97164107288127,301.66864140493533,-72.97164107288127,302.0163104813779,-70.97452850996747,433,16.62445769853363,0.006350926829590644,S230518h,433,16.62445769853363
3481,104.31818181818183,-21.063829787234038,105.38261431956064,-20.06049134683571,105.39702171457839,-22.060446160912697,103.23934192178528,-22.060446160912694,103.25374931680302,-20.060491346835708,3481,16.42292227400091,0.006273935642389953,S230518h,3481,16.42292227400091
576,298.5365905761719,-78.0,302.97283863057254,-76.9621151896699,303.7626972607986,-78.95536183558299,293.31048389154523,-78.95536183558298,294.10034252177115,-76.9621151896699,576,16.283915291911896,0.006220831764473537,S230518h,576,16.283915291911896
404,128.13558959960938,-72.0,131.20402643268457,-70.97452850996748,131.55169550912711,-72.97164107288127,124.71948369009164,-72.97164107288127,125.06715276653418,-70.97452850996748,404,16.231688280883457,0.006200879839930513,S230518h,404,16.231688280883457
30,122.7272720336914,-62.0,124.78893242239198,-60.98411360724187,124.92877680960822,-62.98303584617719,120.52576725777458,-62.98303584617719,120.66561164499082,-60.98411360724187,30,15.992282774439246,0.006109421406723252,S230518h,30,15.992282774439246
5122,94.33155080213902,-3.8297872340425547,95.33261879876032,-2.8292037505741257,95.33496086847025,-4.8292023855074735,93.3281407358078,-4.829202385507473,93.33048280551773,-2.829203750574125,5122,15.770086347443609,0.006024537239357586,S230518h,5122,15.770086347443609
652,81.81817626953125,-84.0,89.96768472344556,-82.92915504420262,93.14188009283824,-84.90140867067234,70.49447244622425,-84.90140867067234,73.66866781561693,-82.92915504420262,652,14.854183382512062,0.005674641151390851,S230518h,652,14.854183382512062
1898,106.875,-46.0,108.28885089486005,-44.99112464667619,108.34088892909728,-46.99079797176593,105.40911107090272,-46.99079797176593,105.46114910513995,-44.99112464667619,1898,14.812298373761717,0.005658640110595778,S230518h,1898,14.812298373761717
3477,96.13636363636363,-21.063829787234038,97.20079613774244,-20.06049134683571,97.21520353276019,-22.060446160912697,95.05752373996708,-22.060446160912697,95.07193113498482,-20.06049134683571,3477,14.74878168693562,0.005634375269131135,S230518h,3477,14.74878168693562
3303,97.24137931034483,-22.978723404255316,98.31956909445462,-21.97505031507486,98.33564732608558,-23.97499554196126,96.14711129460407,-23.974995541961256,96.16318952623503,-21.975050315074856,3303,14.656273243478397,0.0055990349069869935,S230518h,3303,14.656273243478397
8026,55.38461538461538,26.808510638297882,56.5149801532359,27.80406182669751,56.495215877066265,25.804139612613305,54.274014892164494,25.804139612613305,54.25425061599485,27.80406182669751,8026,14.442956175895821,0.0055175428600109724,S230518h,8026,14.442956175895821
7856,58.6046511627907,24.893617021276594,59.71605390141975,25.889534533185728,59.69819550047009,23.88960013106632,57.5111068251113,23.88960013106632,57.49324842416165,25.889534533185728,7856,14.15331411564381,0.005406892902894196,S230518h,7856,14.15331411564381
6608,73.94594594594595,11.489361702127665,74.9700228083294,12.487581668943013,74.96278228457012,10.487594254007638,72.92910960732179,10.487594254007638,72.92186908356253,12.487581668943013,6608,13.434289016449837,0.005132208707088947,S230518h,6608,13.434289016449837
1353,112.5,-38.0,113.75187027453588,-36.993274193749315,113.78648071109556,-38.99308824443834,111.21351928890445,-38.99308824443834,111.24812972546412,-36.993274193749315,1353,13.246518218711145,0.005060475925256463,S230518h,1353,13.246518218711145
308,309.2957763671875,-68.0,311.8532351246518,-66.97930462426771,312.08387922085126,-68.97743765666995,306.5076735135237,-68.97743765666995,306.7383176097231,-66.9793046242677,308,13.080991667475697,0.004997240959381844,S230518h,308,13.080991667475697
341,127.3846206665039,-70.0,130.1726849686416,-68.97713342301712,130.4531047838797,-70.97483266747543,124.3161365491281,-70.97483266747543,124.59655636436621,-68.97713342301712,341,12.368423540284397,0.004725023476023601,S230518h,341,12.368423540284397
3831,94.0,-17.234042553191482,95.04135965202796,-16.231350187414584,95.05269736114572,-18.23132087512961,92.9473026388543,-18.231320875129615,92.95864034797204,-16.231350187414584,3831,12.35722458748929,0.004720745217384461,S230518h,3831,12.35722458748929
4197,100.32786885245902,-13.404255319148929,101.35160889071413,-12.402184329701472,101.36016094368507,-14.402167029595384,99.29557676123297,-14.402167029595384,99.3041288142039,-12.402184329701472,4197,12.196969669022039,0.004659524136990525,S230518h,4197,12.196969669022039
6052,78.93048128342245,5.7446808510638325,79.9372956532588,6.7438014211578725,79.933766114098,4.743804504055099,77.9271964527469,4.743804504055099,77.9236669135861,6.7438014211578725,6052,12.105878207334536,0.004624725094611607,S230518h,6052,12.105878207334536
5434,333.19148936170217,-1.9148936170212774,334.1914644542111,-0.9146020309895654,334.1926322200561,-2.914601690485505,332.1903465033483,-2.914601690485505,332.19151426919325,-0.9146020309895654,5434,11.935011215094299,0.004559449956920608,S230518h,5434,11.935011215094299
2795,99.75903614457832,-28.72340425531915,100.88851435022403,-27.718667457637558,100.91032894207058,-29.718575972693287,98.60774334708606,-29.71857597269329,98.6295579389326,-27.71866745763756,2795,11.826357764110208,0.004517941828986706,S230518h,2795,11.826357764110208
5811,335.1063829787234,1.9148936170212774,336.1075258370773,2.9146016904855045,336.1063580712323,0.9146020309895654,334.10640788621447,0.9146020309895652,334.1052401203695,2.914601690485505,5811,11.740245484041218,0.004485044948994307,S230518h,5811,11.740245484041218
6238,77.41935483870968,7.6595744680851094,78.430729876251,8.658398118510357,78.42599289310455,6.658403628051217,76.41271678431481,6.658403628051217,76.40797980116837,8.658398118510357,6238,11.678191150214552,0.004461338760152616,S230518h,6238,11.678191150214552
5058,331.1229946524064,-5.7446808510638325,332.12627948308193,-4.743804504055099,332.12980902224274,-6.7438014211578725,330.11618028257004,-6.7438014211578725,330.11970982173085,-4.743804504055098,5058,11.538526960639105,0.004407983813796322,S230518h,5058,11.538526960639105
4380,99.24324324324324,-11.489361702127665,100.26007958186742,-10.48759425400764,100.2673201056267,-12.487581668943015,98.21916638085982,-12.487581668943015,98.22640690461908,-10.48759425400764,4380,11.426695982237867,0.004365261796995109,S230518h,4380,11.426695982237867
2150,117.98319244384766,-50.0,119.5070040378353,-48.98981322206358,119.57172549113814,-50.9893805343552,116.39465939655719,-50.9893805343552,116.45938084986004,-48.98981322206358,2150,11.397835591951777,0.00435423646129369,S230518h,2150,11.397835591951777
3653,95.0561797752809,-19.14893617021276,96.10836169075816,-18.145924306497374,96.12119317091347,-20.145887577182833,93.99116637964833,-20.145887577182833,94.00399785980365,-18.145924306497374,3653,11.312111708570043,0.00432148795780694,S230518h,3653,11.312111708570043
7509,63.409090909090914,21.063829787234038,64.48793080548747,22.060446160912697,64.47352341046972,20.06049134683571,62.344658407712096,20.060491346835708,62.33025101269436,22.060446160912697,7509,11.220700155586247,0.004286566633159427,S230518h,7509,11.220700155586247
681,270.0,-86.0,281.32303354518007,-84.90111000549426,288.4428033093052,-86.83805946347707,251.55719669069484,-86.83805946347707,258.6769664548199,-84.90111000549426,681,11.195076486899099,0.00427677779987002,S230518h,681,11.195076486899099
6186,336.8983957219251,5.7446808510638325,337.90521009176143,6.7438014211578725,337.9016805526006,4.743804504055099,335.8951108912495,4.743804504055099,335.89158135208874,6.7438014211578725,6186,10.97939189872728,0.004194381305344341,S230518h,6186,10.97939189872728
8192,49.87951807228916,28.72340425531915,51.03081086978142,29.718575972693287,51.00899627793486,27.71866745763756,48.750039866643434,27.71866745763756,48.7282252747969,29.718575972693287,8192,10.948632885749229,0.004182630651920544,S230518h,8192,10.948632885749229
2799,108.43373493975905,-28.72340425531915,109.56321314540477,-27.718667457637558,109.58502773725132,-29.718575972693287,107.2824421422668,-29.718575972693287,107.30425673411334,-27.71866745763756,2799,10.68799998830607,0.004083062865045204,S230518h,2799,10.68799998830607
1206,111.89189147949219,-36.0,113.11241711077791,-34.9937395182972,113.14376676746305,-36.9935787152552,110.64001619152134,-36.9935787152552,110.67136584820646,-34.9937395182972,1206,10.642740044770106,0.004065772521208384,S230518h,1206,10.642740044770106
3307,105.51724137931033,-22.978723404255316,106.59543116342013,-21.975050315074856,106.6115093950511,-23.974995541961253,104.42297336356958,-23.974995541961253,104.43905159520055,-21.975050315074856,3307,10.299309759853692,0.003934574219879012,S230518h,3307,10.299309759853692
7859,64.88372093023257,24.893617021276594,65.99512366886162,25.88953453318573,65.97726526791197,23.88960013106632,63.79017659255319,23.88960013106632,63.77231819160353,25.889534533185728,7859,10.123601763577593,0.003867449706829668,S230518h,7859,10.123601763577593
656,147.27272033691406,-84.0,155.4222287908284,-82.92915504420262,158.59642416022106,-84.90140867067234,135.94901651360706,-84.90140867067234,139.12321188299975,-82.92915504420262,656,10.01022747682442,0.0038241381105909565,S230518h,656,10.01022747682442
2028,117.07317352294922,-48.0,118.53905409883576,-46.9904934772408,118.59699443152687,-48.99011770855457,115.54935261437156,-48.99011770855457,115.60729294706266,-46.9904934772408,2028,9.925941792233903,0.00379193903226171,S230518h,2028,9.925941792233903
7154,68.0,17.234042553191482,69.05269736114572,18.23132087512961,69.04135965202796,16.231350187414588,66.95864034797205,16.231350187414588,66.9473026388543,18.231320875129615,7154,9.733991607878352,0.0037186096282068593,S230518h,7154,9.733991607878352
6423,75.48387096774194,9.574468085106387,76.5009890967602,10.572991777259912,76.49501760824964,8.573000444438936,74.47272432723423,8.573000444438936,74.46675283872368,10.572991777259913,6423,9.239295311222614,0.003529624216477779,S230518h,6423,9.239295311222614
5622,333.19148936170217,0.0,334.19148936170217,0.9999999999999998,334.19148936170217,-0.9999999999999998,332.1914893617022,-0.9999999999999998,332.1914893617022,0.9999999999999998,5622,9.093801775382564,0.0034740423252032095,S230518h,5622,9.093801775382564
272,126.76056671142578,-68.0,129.31802546889014,-66.9793046242677,129.54866956508957,-68.97743765666995,123.97246385776198,-68.97743765666995,124.20310795396144,-66.97930462426771,272,8.91769640977367,0.003406766007890372,S230518h,272,8.91769640977367
5245,331.1229946524064,-3.8297872340425547,332.1240626490277,-2.829203750574126,332.1264047187376,-4.829202385507474,330.1195845860752,-4.8292023855074735,330.1219266557851,-2.8292037505741257,5245,8.850519234399169,0.0033811027752509294,S230518h,5245,8.850519234399169
5496,91.91489361702128,0.0,92.91489361702128,0.9999999999999997,92.91489361702128,-0.9999999999999997,90.91489361702128,-1.0,90.91489361702128,1.0,5496,8.728602285688083,0.003334527684827417,S230518h,5496,8.728602285688083
8029,61.77514792899408,26.808510638297882,62.90551269761461,27.80406182669751,62.88574842144497,25.804139612613305,60.664547436543195,25.8041396126133,60.64478316037356,27.80406182669751,8029,8.433449031103596,0.0032217723241790537,S230518h,8029,8.433449031103596
5999,336.8983957219251,3.8297872340425547,337.9018057882563,4.829202385507474,337.8994637185464,2.8292037505741257,335.8973277253038,2.829203750574125,335.89498565559387,4.829202385507474,5999,8.175206624972448,0.0031231177602000426,S230518h,5999,8.175206624972448
4011,92.96703296703296,-15.319148936170206,93.9989312076487,-14.316769909305533,94.00884587082282,-16.31674705168471,91.92522006324312,-16.31674705168471,91.93513472641725,-14.316769909305533,4011,8.024649904752122,0.00306560161554368,S230518h,4011,8.024649904752122
5998,334.97326203208553,3.8297872340425547,335.9766720984167,4.8292023855074735,335.9743300287068,2.8292037505741257,333.9721940354642,2.829203750574125,333.9698519657543,4.829202385507473,5998,7.917535913400732,0.003024681596747633,S230518h,5998,7.917535913400732
8196,58.554216867469876,28.72340425531915,59.70550966496214,29.718575972693287,59.683695073115594,27.718667457637558,57.424738661824165,27.71866745763756,57.40292406997762,29.718575972693287,8196,7.692966386162492,0.0029388908502758476,S230518h,8196,7.692966386162492
744,109.3670883178711,-30.0,110.51023089507969,-28.995012183528004,110.53350313286055,-30.994910641811856,108.20067350288166,-30.994910641811856,108.22394574066251,-28.995012183528004,744,7.5944661973536345,0.0029012615030111185,S230518h,744,7.5944661973536345
7683,59.99999999999999,22.978723404255316,61.09426801574075,23.97499554196125,61.07818978410979,21.975050315074856,58.921810215890204,21.975050315074856,58.90573198425924,23.974995541961253,7683,7.54749398960818,0.0028833170346967006,S230518h,7683,7.54749398960818
7687,68.27586206896552,22.978723404255316,69.37013008470628,23.974995541961256,69.3540518530753,21.975050315074864,67.19767228485573,21.975050315074864,67.18159405322476,23.974995541961256,7687,7.522344387273709,0.0028737093057039156,S230518h,7687,7.522344387273709
2684,108.38709259033203,-60.0,110.32784678293245,-58.98533206457512,110.44877273468185,-60.9844180042816,106.32541244598221,-60.9844180042816,106.4463383977316,-58.98533206457512,2684,7.486041488457769,0.002859840759838362,S230518h,2684,7.486041488457769
7158,76.0,17.234042553191482,77.05269736114572,18.23132087512961,77.04135965202796,16.231350187414584,74.95864034797204,16.231350187414584,74.9473026388543,18.23132087512961,7158,7.379423079778818,0.0028191100650700675,S230518h,7158,7.379423079778818
740,100.25316619873047,-30.0,101.39630877593906,-28.995012183528004,101.4195810137199,-30.994910641811856,99.08675138374103,-30.994910641811856,99.11002362152188,-28.995012183528004,740,7.085036655847146,0.0027066476514431967,S230518h,740,7.085036655847146
2488,121.15384674072266,-56.0,122.8966606157997,-54.987390877317154,122.98921138592473,-56.986721220412235,119.31848209552057,-56.986721220412235,119.4110328656456,-54.987390877317154,2488,7.074688137567415,0.002702694278432115,S230518h,2488,7.074688137567415
6373,338.7096774193548,7.6595744680851094,339.72105245689613,8.658398118510357,339.71631547374966,6.658403628051216,337.7030393649599,6.658403628051215,337.6983023818135,8.658398118510357,6373,6.958857294640176,0.002658444220993815,S230518h,6373,6.958857294640176
534,298.7234191894531,-76.0,302.5810482339895,-74.96732495523972,303.1597689901391,-76.96241887129821,294.28706938876707,-76.96241887129821,294.8657901449167,-74.96732495523972,534,6.490702036940249,0.0024795980991860252,S230518h,534,6.490702036940249
4870,329.0322580645161,-7.6595744680851094,330.03889611891094,-6.658403628051217,330.0436331020574,-8.658398118510357,328.0208830269748,-8.658398118510357,328.0256200101212,-6.658403628051217,4870,6.422315032047347,0.002453472683726128,S230518h,4870,6.422315032047347
5623,335.1063829787234,0.0,336.1063829787234,0.9999999999999998,336.1063829787234,-0.9999999999999998,334.1063829787234,-0.9999999999999998,334.1063829787234,0.9999999999999998,5623,6.420721549828058,0.0024528639367123926,S230518h,5623,6.420721549828058
3135,106.74418604651163,-24.893617021276594,107.83773038419102,-23.889600131066324,107.85558878514068,-25.88953453318573,105.63278330788259,-25.88953453318573,105.65064170883224,-23.889600131066324,3135,6.392112584861274,0.002441934651290325,S230518h,3135,6.392112584861274
268,106.47887420654297,-68.0,109.03633296400731,-66.97930462426771,109.26697706020676,-68.97743765666995,103.69077135287918,-68.97743765666995,103.92141544907864,-66.97930462426771,268,6.36376521716678,0.0024311053020685982,S230518h,268,6.36376521716678
193,107.53246307373047,-66.0,109.89718732749543,-64.98114619980839,110.0899538187775,-66.97960891508912,104.97497232868345,-66.9796089150891,105.16773881996552,-64.98114619980839,193,6.2983179996616805,0.002406102953293525,S230518h,193,6.2983179996616805
373,304.6153869628906,-70.0,307.40345126502837,-68.97713342301714,307.68387108026644,-70.97483266747543,301.5469028455148,-70.97483266747543,301.82732266075294,-68.97713342301712,373,6.286603078274277,0.002401627582734378,S230518h,373,6.286603078274277
5433,331.2765957446809,-1.9148936170212774,332.2765708371898,-0.9146020309895654,332.2777386030348,-2.914601690485505,330.27545288632695,-2.914601690485505,330.27662065217197,-0.9146020309895654,5433,6.275565934841583,0.002397411139009124,S230518h,5433,6.275565934841583
5246,333.048128342246,-3.8297872340425547,334.0491963388673,-2.829203750574125,334.05153840857724,-4.829202385507473,332.04471827591476,-4.8292023855074735,332.0470603456247,-2.829203750574125,5246,6.109472146050244,0.0023339594752862032,S230518h,5246,6.109472146050244
664,278.18182373046875,-84.0,286.33133218438303,-82.92915504420262,289.50552755377566,-84.90140867067234,266.8581199071617,-84.90140867067234,270.0323152765544,-82.92915504420262,664,6.103089933749151,0.002331521322771987,S230518h,664,6.103089933749151
668,343.6363525390625,-84.0,351.78586099297684,-82.92915504420262,354.9600563623695,-84.90140867067234,332.31264871575553,-84.90140867067234,335.48684408514816,-82.92915504420262,668,5.857023847884828,0.002237518394381371,S230518h,668,5.857023847884828
4684,329.0322580645161,-9.574468085106387,330.0434047050238,-8.573000444438936,330.0493761935344,-10.572991777259913,328.0151399354978,-10.572991777259913,328.0211114240084,-8.573000444438936,4684,5.723009505011848,0.002186321819964568,S230518h,4684,5.723009505011848
8025,53.25443786982248,26.808510638297882,54.384802638443006,27.80406182669751,54.36503836227337,25.804139612613305,52.14383737737159,25.804139612613305,52.12407310120195,27.80406182669751,8025,5.433047298592775,0.002075549559617295,S230518h,8025,5.433047298592775
197,126.23375701904297,-66.0,128.59848127280793,-64.98114619980839,128.79124776409,-66.9796089150891,123.67626627399594,-66.9796089150891,123.869032765278,-64.98114619980839,197,5.384270558937547,0.002056915718432589,S230518h,197,5.384270558937547
7513,71.5909090909091,21.063829787234038,72.66974898730565,22.060446160912697,72.65534159228791,20.06049134683571,70.52647658953029,20.06049134683571,70.51206919451255,22.060446160912697,7513,5.235111491899384,0.001999933509574556,S230518h,7513,5.235111491899384
6559,338.7096774193548,9.574468085106387,339.7267955483731,10.572991777259913,339.7208240598625,8.573000444438936,337.6985307788471,8.573000444438934,337.6925592903366,10.572991777259912,6559,5.220181739536742,0.0019942299993272765,S230518h,6559,5.220181739536742
7855,56.51162790697675,24.893617021276594,57.623030645605795,25.88953453318573,57.60517224465614,23.88960013106632,55.41808356929735,23.88960013106632,55.4002251683477,25.889534533185728,7855,5.154934798475171,0.0019693041607795805,S230518h,7855,5.154934798475171
5304,84.25531914893617,-1.9148936170212774,85.25529424144507,-0.9146020309895654,85.25646200729008,-2.9146016904855045,83.25417629058225,-2.9146016904855054,83.25534405642726,-0.9146020309895654,5304,5.027281628030115,0.0019205377011594679,S230518h,5304,5.027281628030115
4936,96.2566844919786,-5.7446808510638325,97.25996932265416,-4.743804504055099,97.26349886181495,-6.7438014211578725,95.24987012214226,-6.7438014211578725,95.25339966130305,-4.743804504055099,4936,4.918877944881751,0.0018791249903079062,S230518h,4936,4.918877944881751
4871,330.96774193548384,-7.6595744680851094,331.9743799898787,-6.658403628051216,331.97911697302516,-8.658398118510357,329.95636689794253,-8.658398118510357,329.96110388108895,-6.658403628051216,4871,4.830579845332533,0.0018453930767863929,S230518h,4871,4.830579845332533
4560,89.03225806451613,-9.574468085106387,90.04340470502383,-8.573000444438936,90.0493761935344,-10.572991777259913,88.01513993549787,-10.572991777259913,88.02111142400844,-8.573000444438936,4560,4.568759338400106,0.0017453715956549608,S230518h,4560,4.568759338400106
6796,80.65573770491804,13.404255319148941,81.68802979614408,14.402167029595397,81.67947774317315,12.402184329701482,79.63199766666291,12.402184329701482,79.62344561369198,14.402167029595397,6796,4.565571874362873,0.0017441539107692634,S230518h,6796,4.565571874362873
625,86.89655303955078,-82.0,93.26225199264327,-80.9449350865614,95.04640960813616,-82.92945656234664,78.7466964709654,-82.92945656234663,80.53085408645829,-80.9449350865614,625,4.23457520426587,0.001617705537490318,S230518h,625,4.23457520426587
5309,93.82978723404256,-1.9148936170212774,94.82976232655146,-0.9146020309895652,94.83093009239647,-2.9146016904855045,92.82864437568864,-2.9146016904855045,92.82981214153365,-0.9146020309895654,5309,4.140665123850243,0.001581829717653306,S230518h,5309,4.140665123850243
645,335.17242431640625,-82.0,341.5381232694987,-80.9449350865614,343.3222808849916,-82.92945656234664,327.02256774782086,-82.92945656234664,328.8067253633137,-80.9449350865614,645,4.124844593673405,0.0015757859097059771,S230518h,645,4.124844593673405
8191,47.71084337349398,28.72340425531915,48.86213617098625,29.718575972693287,48.840321579139705,27.71866745763756,46.58136516784826,27.71866745763756,46.55955057600172,29.718575972693287,8191,4.117225680111647,0.0015728753087450827,S230518h,8191,4.117225680111647
6560,340.64516129032256,9.574468085106387,341.6622794193408,10.572991777259913,341.6563079308302,8.573000444438936,339.63401464981484,8.573000444438936,339.62804316130433,10.572991777259913,6560,4.101707126761179,0.0015669468629204337,S230518h,6560,4.101707126761179
641,285.5172424316406,-82.0,291.88294138473316,-80.9449350865614,293.667099000226,-82.92945656234663,277.3673858630553,-82.92945656234663,279.15154347854815,-80.9449350865614,641,4.0976409728498115,0.0015653934982069956,S230518h,641,4.0976409728498115
671,45.0,-86.0,56.323033545180074,-84.90111000549426,63.44280330930515,-86.83805946347707,26.55719669069484,-86.83805946347707,33.67696645481992,-84.90111000549426,671,4.0547991065183755,0.0015490269157146205,S230518h,671,4.0547991065183755
4931,86.63101604278074,-5.7446808510638325,87.6343008734563,-4.743804504055097,87.63783041261709,-6.743801421157872,85.6242016729444,-6.7438014211578725,85.62773121210519,-4.743804504055098,4931,3.9848291409014065,0.0015222967726951859,S230518h,4931,3.9848291409014065
670,22.5,-86.0,33.823033545180074,-84.90111000549426,40.94280330930517,-86.83805946347707,4.057196690694846,-86.83805946347707,11.176966454819931,-84.90111000549426,670,3.8486139447240935,0.0014702594214812117,S230518h,670,3.8486139447240935
486,298.867919921875,-74.0,302.28396657191104,-72.97133701989162,302.72562527229513,-74.96762885931668,295.01021457145487,-74.96762885931668,295.45187327183896,-72.97133701989162,486,3.8348527748283034,0.0014650023367279788,S230518h,486,3.8348527748283034
6187,338.82352941176464,5.7446808510638325,339.830343781601,6.7438014211578725,339.8268142424402,4.743804504055099,337.82024458108907,4.743804504055099,337.81671504192826,6.7438014211578725,6187,3.799069568634064,0.001451332325447682,S230518h,6187,3.799069568634064
7332,64.71910112359551,19.14893617021276,65.78411451922807,20.145887577182837,65.77128303907276,18.145924306497378,63.66691920811825,18.145924306497374,63.65408772796295,20.145887577182833,7332,3.649542598996318,0.00139420956929886,S230518h,7332,3.649542598996318
2688,123.87096405029297,-60.0,125.8117182428934,-58.98533206457512,125.93264419464278,-60.9844180042816,121.80928390594313,-60.9844180042816,121.93020985769253,-58.98533206457512,2688,3.631559328024402,0.0013873395444132111,S230518h,2688,3.631559328024402
6372,336.7741935483871,7.6595744680851094,337.7855685859284,8.658398118510359,337.7808316027819,6.658403628051217,335.76755549399223,6.658403628051218,335.76281851084576,8.658398118510357,6372,3.5791912234054566,0.0013673337188596592,S230518h,6372,3.5791912234054566
6973,69.23076923076924,15.319148936170219,70.2725821345591,16.316747051684718,70.26266747138497,14.316769909305542,68.19887099015352,14.316769909305542,68.1889563269794,16.316747051684718,6973,3.4627112017254906,0.0013228356601432028,S230518h,6973,3.4627112017254906
2961,97.98816568047337,-26.80851063829787,99.09876617292426,-25.804139612613287,99.11853044909391,-27.8040618266975,96.85780091185283,-27.8040618266975,96.87756518802249,-25.804139612613287,2961,3.3428689133419214,0.0012770531378849348,S230518h,2961,3.3428689133419214
5057,329.1978609625668,-5.7446808510638325,330.20114579324235,-4.743804504055098,330.20467533240316,-6.7438014211578725,328.19104659273046,-6.7438014211578725,328.19457613189127,-4.743804504055098,5057,3.2673892082113944,0.0012482181471083432,S230518h,5057,3.2673892082113944
435,317.28814697265625,-72.0,320.3565838057315,-70.97452850996747,320.704252882174,-72.97164107288127,313.8720410631385,-72.97164107288127,314.2197101395811,-70.97452850996747,435,3.263943215310725,0.0012469016982253598,S230518h,435,3.263943215310725
5117,84.70588235294116,-3.8297872340425547,85.70695034956246,-2.829203750574125,85.70929241927239,-4.8292023855074735,83.70247228660995,-4.8292023855074735,83.70481435631987,-2.829203750574125,5117,3.06955914733945,0.0011726424944118942,S230518h,5117,3.06955914733945
5810,333.19148936170217,1.9148936170212774,334.1926322200561,2.914601690485505,334.1914644542111,0.9146020309895654,332.19151426919325,0.9146020309895654,332.1903465033483,2.914601690485505,5810,2.9726358713308363,0.0011356155642601084,S230518h,5810,2.9726358713308363
2966,108.63905325443787,-26.80851063829787,109.74965374688875,-25.80413961261329,109.7694180230584,-27.8040618266975,107.50868848581734,-27.804061826697495,107.52845276198698,-25.804139612613287,2966,2.9466333596967726,0.0011256820042145328,S230518h,2966,2.9466333596967726
375,315.69232177734375,-70.0,318.48038607948143,-68.97713342301712,318.7608058947195,-70.97483266747543,312.62383765996793,-70.97483266747543,312.90425747520607,-68.97713342301712,375,2.9410237828335832,0.0011235390162837912,S230518h,375,2.9410237828335832
6978,79.12087912087912,15.319148936170219,80.16269202466897,16.31674705168472,80.15277736149486,14.316769909305542,78.08898088026339,14.316769909305544,78.07906621708926,16.316747051684725,6978,2.8911835892663076,0.0011044989111412143,S230518h,6978,2.8911835892663076
5491,82.34042553191489,0.0,83.34042553191489,1.0,83.34042553191489,-1.0,81.34042553191489,-0.9999999999999998,81.34042553191489,0.9999999999999998,5491,2.7583637137503634,0.0010537586508443926,S230518h,5491,2.7583637137503634
537,321.7021179199219,-76.0,325.55974696445827,-74.96732495523972,326.1384677206079,-76.96241887129821,317.2657681192359,-76.96241887129821,317.8444888753854,-74.96732495523972,537,2.7258122321234906,0.001041323232994626,S230518h,537,2.7258122321234906
309,314.3662109375,-68.0,316.92366969496436,-66.97930462426771,317.1543137911638,-68.97743765666995,311.5781080838362,-68.97743765666995,311.80875218003564,-66.97930462426771,309,2.6587857273665945,0.001015717560011272,S230518h,309,2.6587857273665945
2268,120.00000762939453,-52.0,121.58853025346149,-50.9890760572067,121.661103647735,-52.98857695541236,118.33891161105409,-52.98857695541236,118.41148500532759,-50.9890760572067,2268,2.64944318794646,0.0010121484941604758,S230518h,2268,2.64944318794646
1056,112.052978515625,-34.0,113.24510710092629,-32.99418263746754,113.27350868885824,-34.99404404339809,110.83244834239179,-34.994044043398084,110.86084993032372,-32.99418263746754,1056,2.64683820652347,0.0010111533310874987,S230518h,1056,2.64683820652347
4565,98.70967741935483,-9.574468085106387,99.72082405986254,-8.573000444438936,99.7267955483731,-10.572991777259913,97.69255929033658,-10.572991777259913,97.69853077884714,-8.573000444438936,4565,2.643099387407853,0.0010097250158267576,S230518h,4565,2.643099387407853
4498,328.8648648648649,-11.489361702127665,329.88170120348906,-10.48759425400764,329.8889417272483,-12.487581668943013,327.8407880024815,-12.487581668943013,327.84802852624074,-10.487594254007638,4498,2.621774123657452,0.0010015782725069761,S230518h,4498,2.621774123657452
236,308.5714111328125,-66.0,310.93613538657746,-64.98114619980839,311.1289018778595,-66.9796089150891,306.01392038776544,-66.9796089150891,306.20668687904754,-64.98114619980839,236,2.5916896564453653,0.0009900853111463157,S230518h,236,2.5916896564453653
5812,337.02127659574467,1.9148936170212774,338.0224194540986,2.9146016904855045,338.0212516882536,0.9146020309895652,336.02130150323575,0.9146020309895652,336.0201337373907,2.9146016904855045,5812,2.5150157572192247,0.000960794110641918,S230518h,5812,2.5150157572192247
2264,107.36842346191406,-52.0,108.95694608598102,-50.9890760572067,109.02951948025452,-52.988576955412356,105.70732744357362,-52.98857695541236,105.77990083784712,-50.98907605720671,2264,2.441559687214358,0.0009327321952248909,S230518h,2264,2.441559687214358
1202,102.16216278076172,-36.0,103.38268841204743,-34.9937395182972,103.41403806873257,-36.9935787152552,100.91028749279087,-36.9935787152552,100.94163714947601,-34.9937395182972,1202,2.4413224555047894,0.0009326415672323001,S230518h,1202,2.4413224555047894
553,96.58536529541016,-78.0,101.02161334981085,-76.9621151896699,101.81147198003683,-78.95536183558299,91.35925861078351,-78.95536183558299,92.14911724100948,-76.9621151896699,553,2.273023302300253,0.0008683474033644251,S230518h,553,2.273023302300253
489,319.2452697753906,-74.0,322.6613164254266,-72.97133701989162,323.10297512581076,-74.96762885931668,315.38756442497044,-74.96762885931668,315.8292231253546,-72.97133701989162,489,2.2347804456235068,0.0008537377487872438,S230518h,489,2.2347804456235068
337,105.23077392578125,-70.0,108.01883822791893,-68.97713342301712,108.29925804315704,-70.97483266747543,102.16228980840545,-70.97483266747543,102.44270962364355,-68.97713342301712,337,2.1154345709865154,0.0008081448680462447,S230518h,337,2.1154345709865154
7337,74.8314606741573,19.14893617021276,75.89647406978987,20.145887577182837,75.88364258963456,18.145924306497378,73.77927875868004,18.145924306497378,73.76644727852474,20.145887577182837,7337,1.9831933038331178,0.0007576256495085081,S230518h,7337,1.9831933038331178
630,148.96551513671875,-82.0,155.33121408981125,-80.9449350865614,157.11537170530414,-82.92945656234664,140.8156585681334,-82.92945656234663,142.59981618362627,-80.9449350865614,630,1.9826467803698955,0.000757416864922056,S230518h,630,1.9826467803698955
677,180.0,-86.0,191.32303354518007,-84.90111000549426,198.44280330930513,-86.83805946347707,161.55719669069484,-86.83805946347707,168.67696645481993,-84.90111000549426,677,1.931595576870981,0.0007379141260139022,S230518h,677,1.931595576870981
592,92.57142639160156,-80.0,97.79739093905515,-78.95505850753867,98.93733725882602,-80.94523780272377,86.20551552437712,-80.94523780272378,87.34546184414798,-78.95505850753867,592,1.8508687297565956,0.0007070746058019296,S230518h,592,1.8508687297565956
611,288.0,-80.0,293.22596454745354,-78.95505850753867,294.3659108672244,-80.94523780272377,281.63408913277556,-80.94523780272377,282.7740354525464,-78.95505850753867,611,1.8046953169759636,0.0006894352956144975,S230518h,611,1.8046953169759636
579,324.8780517578125,-78.0,329.31429981221316,-76.9621151896699,330.10415844243914,-78.95536183558299,319.65194507318586,-78.95536183558299,320.44180370341184,-76.96211518966992,579,1.7814785285561612,0.000680565946180906,S230518h,579,1.7814785285561612
615,329.1428527832031,-80.0,334.36881733065667,-78.95505850753867,335.5087636504275,-80.94523780272378,322.7769419159786,-80.94523780272378,323.91688823574947,-78.95505850753867,615,1.6924962013493199,0.0006465726418900125,S230518h,615,1.6924962013493199
4685,330.96774193548384,-9.574468085106387,331.9788885759915,-8.573000444438934,331.9848600645021,-10.572991777259912,329.95062380646556,-10.572991777259912,329.9565952949761,-8.573000444438934,4685,1.6091296437600138,0.0006147246913050596,S230518h,4685,1.6091296437600138
558,140.48780822753906,-78.0,144.92405628193973,-76.96211518966992,145.71391491216573,-78.95536183558299,135.26170154291242,-78.95536183558299,136.0515601731384,-76.9621151896699,558,1.5004359709982673,0.0005732011977230578,S230518h,558,1.5004359709982673
7860,66.97674418604652,24.893617021276594,68.08814692467556,25.88953453318573,68.0702885237259,23.88960013106632,65.88319984836711,23.889600131066324,65.86534144741746,25.889534533185728,7860,1.4919422814274412,0.0005699564121212796,S230518h,7860,1.4919422814274412
400,103.72881317138672,-72.0,106.79725000446192,-70.97452850996747,107.14491908090446,-72.97164107288127,100.31270726186898,-72.97164107288127,100.66037633831151,-70.97452850996748,400,1.1161726800937262,0.00042640374495275156,S230518h,400,1.1161726800937262
6613,83.67567567567568,11.489361702127665,84.69975253805913,12.487581668943012,84.69251201429985,10.487594254007638,82.65883933705152,10.487594254007638,82.65159881329224,12.487581668943013,6613,1.0236643895945312,0.00039106344124210934,S230518h,6613,1.0236643895945312
