#id,ra,dec,ra1,dec1,ra2,dec2,ra3,dec3,ra4,dec4,sum_p3d,nor_sum_p3d,obj,note,weight
2576,94.59854014598541,-10.285714285714286,95.95718127318082,-8.94037228677409,95.96878571570535,-11.625348013699178,93.2282945762655,-11.625348013699178,93.23989901879001,-8.940372286774092,3474.807033290236,1.0,S230518h,2576,3474.807033290236
2440,95.29411764705883,-12.857142857142858,96.66380381274351,-11.51107230918726,96.67853377258761,-14.196033912171764,93.90970152153008,-14.196033912171764,93.92443148137419,-11.51107230918726,3421.4754465562282,0.9846519285177372,S230518h,2440,3421.4754465562282
2306,96.71641791044776,-15.428571428571429,98.10013852058842,-14.081758883782792,98.11815196991142,-16.766702744722476,95.31468385098415,-16.766702744722476,95.33269730030715,-14.081758883782792,3371.0870052725904,0.9701508524001591,S230518h,2306,3371.0870052725904
2713,93.91304347826087,-7.714285714285714,95.26351314823133,-6.369662043398886,95.2721138240994,-9.054648519068934,92.55397313242239,-9.054648519068934,92.56257380829047,-6.369662043398886,2373.321477254336,0.6830081367157468,S230518h,2713,2373.321477254336
2173,97.4436090225564,-18.0,98.84450390551652,-16.65242855258158,98.86599929936388,-19.33735073889503,96.02121874574897,-19.33735073889503,96.04271413959633,-16.65242855258158,2367.0169359213733,0.6811937794658154,S230518h,2173,2367.0169359213733
2042,98.93129770992367,-20.571428571428573,100.3526957683977,-19.223077558193822,100.3779176049328,-21.90797373899533,97.48467781491458,-21.90797373899533,97.5098996514497,-19.223077558193822,2136.6933031169183,0.6149099166216777,S230518h,2042,2136.6933031169183
2174,100.15037593984962,-18.0,101.55127082280974,-16.65242855258158,101.57276621665712,-19.337350738895033,98.72798566304219,-19.337350738895033,98.74948105688955,-16.65242855258158,1814.4542227661811,0.5221740963981257,S230518h,2174,1814.4542227661811
2712,91.30434782608695,-7.714285714285714,92.6548174960574,-6.369662043398887,92.66341817192547,-9.054648519068936,89.94527748024845,-9.054648519068934,89.95387815611655,-6.369662043398887,1385.9369712317305,0.39885293138692945,S230518h,2712,1385.9369712317305
2850,91.30434782608695,-5.142857142857143,92.64943536709187,-3.798944634426876,92.6551209885391,-6.4839386640898224,89.95357466363484,-6.483938664089822,89.95926028508207,-3.798944634426875,1365.9415476131235,0.39309853310609205,S230518h,2850,1365.9415476131235
2441,97.94117647058823,-12.857142857142858,99.3108626362729,-11.511072309187258,99.32559259611702,-14.196033912171764,96.55676034505949,-14.196033912171764,96.57149030490359,-11.511072309187258,1214.9642530898232,0.34964941691723067,S230518h,2441,1214.9642530898232
1913,100.46511627906976,-23.142857142857142,101.91057943407249,-21.793701763873017,101.93982541526455,-24.478567109883254,98.99040714287501,-24.478567109883254,99.01965312406706,-21.793701763873017,1152.3863200760456,0.3316403785981953,S230518h,1913,1152.3863200760456
2043,101.67938931297711,-20.571428571428573,103.10078737145112,-19.223077558193822,103.12600920798624,-21.907973738995327,100.232769417968,-21.90797373899533,100.25799125450312,-19.223077558193822,1086.7103915896646,0.3127397812823801,S230518h,2043,1086.7103915896646
2307,99.40298507462687,-15.428571428571429,100.78670568476753,-14.081758883782793,100.80471913409052,-16.76670274472248,98.00125101516325,-16.76670274472248,98.01926446448624,-14.081758883782793,1029.9752966009607,0.29641222857365246,S230518h,2307,1029.9752966009607
1787,102.85714285714286,-25.714285714285715,104.33051680857545,-24.36429655810026,104.36414701134218,-27.049125620102114,101.35013870294357,-27.049125620102117,101.38376890571028,-24.36429655810026,1026.7670984969002,0.29548895482828347,S230518h,1787,1026.7670984969002
3126,88.05755395683454,0.0,89.40005395683455,1.3425,89.40005395683455,-1.3425,86.71505395683458,-1.3425,86.71505395683458,1.3425,1018.4595021887068,0.2930981468701428,S230518h,3126,1018.4595021887068
124,117.0,-74.57142857142857,121.64189052173471,-73.17648171315146,122.49877398436338,-75.85178786522627,111.50122601563675,-75.85178786522627,112.35810947826538,-73.17648171315146,925.6408607149971,0.26638626313545916,S230518h,124,925.6408607149971
2988,90.64748201438849,-2.5714285714285716,91.98992192525625,-1.2282229971460723,91.99275042915768,-3.913221510577802,89.30221359961932,-3.9132215105778028,89.30504210352075,-1.2282229971460725,922.6174678249811,0.2655161736999738,S230518h,2988,922.6174678249811
88,116.47058823529412,-77.14285714285714,121.92625953508959,-75.73800138505088,123.16488871629016,-78.40881732840315,109.7762877542982,-78.40881732840315,111.01491693549875,-75.73800138505088,915.0462612693757,0.2633372882300557,S230518h,88,915.0462612693757
166,117.3913043478261,-72.0,121.43738551650492,-70.61240302358252,122.06400114510907,-73.29041267073946,112.71860755054318,-73.29041267073946,113.34522317914734,-70.61240302358252,908.8497277192669,0.2615540140825295,S230518h,166,908.8497277192669
58,115.71428571428571,-79.71428571428571,122.34425498669867,-78.29528079466864,124.28524931321705,-80.95781243598245,107.14332211535456,-80.95781243598246,109.08431644187291,-78.29528079466864,895.9222147363671,0.2578336598703248,S230518h,58,895.9222147363671
34,114.54545454545455,-82.28571428571429,123.0106955337796,-80.84476493125494,126.466800931875,-83.48932852839799,102.62410815903432,-83.48932852839799,106.08021355712967,-80.84476493125494,884.9690739466529,0.2546815018699587,S230518h,34,884.9690739466529
1663,104.51612903225806,-28.285714285714285,106.02160275031548,-26.934856738758633,106.06005136594268,-29.619643297737973,102.97220669857347,-29.619643297737973,103.01065531420068,-26.934856738758633,868.4794739017766,0.2499360297079369,S230518h,1663,868.4794739017766
214,117.6923076923077,-69.42857142857143,121.2843454735012,-68.04666260702936,121.76144624876434,-70.7264248799515,113.62316913585114,-70.7264248799515,114.10026991111425,-68.04666260702936,861.2924466861405,0.24786770558323556,S230518h,214,861.2924466861405
16,112.5,-84.85714285714286,124.21794712425863,-83.37744362876387,131.96938036478636,-85.97028677897576,93.030619635214,-85.97028677897578,100.78205287574158,-83.37744362876387,840.6607492064945,0.24193019674260502,S230518h,16,840.6607492064945
4,108.0,-87.42857142857143,126.94267867422654,-85.86233945993571,155.5370486908107,-88.18054937333365,60.46295130918988,-88.18054937333366,89.0573213257738,-85.86233945993571,817.1981846964852,0.2351780046682748,S230518h,4,817.1981846964852
2987,88.05755395683454,-2.5714285714285716,89.3999938677023,-1.2282229971460725,89.40282237160373,-3.913221510577802,86.71228554206539,-3.9132215105778028,86.7151140459668,-1.2282229971460725,815.8241160278673,0.23478256726543378,S230518h,2987,815.8241160278673
3264,85.46762589928058,2.5714285714285716,86.81289431404976,3.9132215105778028,86.81006581014834,1.2282229971460725,84.12518598841284,1.2282229971460727,84.12235748451141,3.9132215105778028,807.7595479492212,0.23246169937222882,S230518h,3264,807.7595479492212
1541,104.13223140495869,-30.857142857142858,105.67440779685467,-29.505376370373572,105.71819820172205,-32.19011325013147,102.54626460819537,-32.19011325013147,102.59005501306277,-29.505376370373572,806.4834530357409,0.2320944574214515,S230518h,1541,806.4834530357409
268,117.93103448275862,-66.85714285714286,121.1663980142033,-65.47978277490616,121.5409349552427,-68.16074530410795,114.32113401027459,-68.16074530410795,114.695670951314,-65.47978277490616,787.7578319676544,0.22670549023890393,S230518h,268,787.7578319676544
392,114.78260869565216,-61.714285714285715,117.49587662759549,-60.34379108243227,117.74261344977361,-63.026244610554805,111.82260394153076,-63.026244610554805,112.06934076370887,-60.34379108243228,728.1440583595681,0.20954949480175905,S230518h,392,728.1440583595681
3402,83.47826086956522,5.142857142857143,84.82903403201736,6.4839386640898224,84.82334841057013,3.798944634426876,82.13317332856033,3.798944634426876,82.12748770711309,6.4839386640898224,711.805967503921,0.20484762482765093,S230518h,3402,711.805967503921
1309,107.36842105263158,-36.0,108.99991083476289,-34.646265459437835,109.05641481285366,-37.330876368498615,105.68042729240953,-37.330876368498615,105.7369312705003,-34.646265459437835,707.6579626950825,0.20365388809087712,S230518h,1309,707.6579626950825
327,114.28571428571429,-64.28571428571429,117.23417217197907,-62.912088144662675,117.53528919130707,-65.59390815959678,111.0361393801216,-65.59390815959678,111.33725639944954,-62.91208814466269,705.2449777483897,0.20295946537226994,S230518h,327,705.2449777483897
0,0.0,-90.0,44.992135235867146,-88.10150516316908,135.0078647641327,-88.10150516316908,224.9921352358667,-88.10150516316911,315.00786476413344,-88.1015051631691,682.2693257751414,0.1963473997947771,S230518h,0,682.2693257751414
10,324.0,-87.42857142857143,342.94267867422656,-85.86233945993571,11.537048690810687,-88.18054937333365,276.46295130918986,-88.18054937333366,305.0573213257738,-85.86233945993571,663.4524013286098,0.1909321567996246,S230518h,10,663.4524013286098
1198,108.0,-38.57142857142857,109.68543305325468,-37.21661751837054,109.74960994030478,-39.90114873968188,106.25039005969525,-39.90114873968188,106.31456694674534,-37.21661751837054,658.879649395376,0.18961618388676219,S230518h,1198,658.879649395376
538,113.9240506329114,-56.57142857142857,116.27651901827228,-55.20592616588381,116.44953983498063,-57.88923408217533,111.39856143084222,-57.88923408217533,111.57158224755058,-55.2059261658838,656.2467558267354,0.1888584745971768,S230518h,538,656.2467558267354
1423,104.61538461538463,-33.42857142857143,106.19936553699725,-32.07584860566057,106.24912974723753,-34.76052743532979,102.98163948353178,-34.76052743532979,103.03140369377205,-32.07584860566057,650.9463671617025,0.1873330981908749,S230518h,1423,650.9463671617025
704,113.25842696629213,-51.42857142857143,115.3495975135957,-50.0669167681247,115.4761380426783,-52.7507575675321,111.04071588990604,-52.7507575675321,111.16725641898864,-50.0669167681247,628.6224873075116,0.1809086033512139,S230518h,704,628.6224873075116
1914,103.25581395348837,-23.142857142857142,104.7012771084911,-21.79370176387302,104.73052308968316,-24.478567109883258,101.78110481729361,-24.478567109883258,101.81035079848567,-21.79370176387302,617.5653406239733,0.17772651393513816,S230518h,1914,617.5653406239733
1091,108.67924528301887,-41.142857142857146,110.42594531428827,-39.78689356329829,110.49893956082306,-42.47133090913313,106.85955100521473,-42.47133090913313,106.9325452517495,-39.78689356329829,612.251656773198,0.1761973113636377,S230518h,1091,612.251656773198
463,116.75675675675677,-59.142857142857146,119.2742502618098,-57.77503637791507,119.47956703418434,-60.45797086378109,114.03394647932924,-60.45797086378109,114.23926325170378,-57.77503637791507,595.2870840680495,0.1713151488312668,S230518h,463,595.2870840680495
2575,91.97080291970804,-10.285714285714286,93.32944404690346,-8.940372286774092,93.34104848942798,-11.625348013699176,90.60055734998812,-11.625348013699174,90.61216179251265,-8.94037228677409,588.1439356713829,0.1692594524060461,S230518h,2575,588.1439356713829
1424,107.6923076923077,-33.42857142857143,109.27628861392031,-32.075848605660575,109.32605282416058,-34.76052743532979,106.05856256045483,-34.76052743532979,106.10832677069511,-32.075848605660575,575.1875276693488,0.16553078261865767,S230518h,1424,575.1875276693488
25,315.0,-84.85714285714286,326.7179471242586,-83.37744362876387,334.46938036478633,-85.97028677897576,295.530619635214,-85.97028677897578,303.2820528757416,-83.37744362876387,573.5153158991141,0.16504954387526438,S230518h,25,573.5153158991141
1662,101.61290322580645,-28.285714285714285,103.11837694386386,-26.934856738758633,103.15682555949107,-29.619643297737973,100.06898089212186,-29.619643297737973,100.10742950774906,-26.934856738758633,570.3250291151345,0.16413142475284545,S230518h,1662,570.3250291151345
3539,80.8695652173913,7.714285714285714,82.22863556322982,9.054648519068934,82.22003488736175,6.369662043398888,79.51909554742089,6.369662043398888,79.51049487155281,9.054648519068934,546.2575882282587,0.15720515786772096,S230518h,3539,546.2575882282587
988,109.41176470588235,-43.714285714285715,111.2281459009045,-42.35708007091478,111.31137262863575,-45.04140623104628,107.51215678312896,-45.04140623104628,107.59538351086022,-42.35708007091478,539.0054529164918,0.1551180965597726,S230518h,988,539.0054529164918
3,72.0,-87.42857142857143,90.94267867422654,-85.86233945993571,119.5370486908107,-88.18054937333365,24.46295130918989,-88.18054937333366,53.0573213257738,-85.86233945993571,536.9541560343741,0.154527762517489,S230518h,3,536.9541560343741
794,111.06382978723404,-48.857142857142854,113.0505428421344,-47.49711461576401,113.1599991102836,-50.18114883857273,108.96766046418452,-50.18114883857273,109.0771167323337,-47.49711461576401,517.0073059095148,0.1487873429967043,S230518h,794,517.0073059095148
889,110.20408163265306,-46.285714285714285,112.09990626925386,-44.92716054646096,112.19513229521438,-47.61135413271872,108.21303097009176,-47.61135413271872,108.3082569960523,-44.92716054646097,500.5697453492993,0.1440568470575813,S230518h,889,500.5697453492993
619,115.71428571428571,-54.0,117.92619922303909,-52.63653458195246,118.07353060591164,-55.320137930746185,113.35504082265986,-55.320137930746185,113.50237220553238,-52.63653458195246,492.93068925661083,0.1418584354567347,S230518h,619,492.93068925661083
3125,85.46762589928058,0.0,86.81012589928058,1.3425,86.81012589928058,-1.3425,84.1251258992806,-1.3425,84.1251258992806,1.3425,491.1155091990195,0.14133605247540626,S230518h,3125,491.1155091990195
46,310.90909090909093,-82.28571428571429,319.37433189741597,-80.84476493125493,322.8304372955114,-83.48932852839798,298.9877445226707,-83.48932852839799,302.44384992076607,-80.84476493125494,452.0529030466198,0.1300943904843483,S230518h,46,452.0529030466198
267,111.72413793103449,-66.85714285714286,114.95950146247918,-65.47978277490616,115.33403840351859,-68.16074530410793,108.11423745855046,-68.16074530410793,108.48877439958989,-65.47978277490616,432.23691491030866,0.12439163118103592,S230518h,267,432.23691491030866
2849,88.69565217391305,-5.142857142857143,90.04073971491796,-3.798944634426875,90.04642533636519,-6.483938664089822,87.34487901146093,-6.4839386640898224,87.35056463290816,-3.798944634426876,430.6479603382823,0.12393435267411354,S230518h,2849,430.6479603382823
3676,78.83211678832117,10.285714285714286,80.20236235804113,11.625348013699176,80.1907579155166,8.940372286774092,77.47347566112579,8.940372286774092,77.46187121860126,11.625348013699176,429.26837246640787,0.12353732692314165,S230518h,3676,429.26837246640787
1542,107.10743801652892,-30.857142857142858,108.6496144084249,-29.505376370373572,108.69340481329228,-32.19011325013147,105.5214712197656,-32.19011325013147,105.565261624633,-29.505376370373572,424.95408761144864,0.12229573715610527,S230518h,1542,424.95408761144864
2577,97.22627737226277,-10.285714285714286,98.5849184994582,-8.94037228677409,98.59652294198271,-11.625348013699176,95.85603180254286,-11.625348013699176,95.86763624506739,-8.94037228677409,412.1228356512515,0.11860308549595035,S230518h,2577,412.1228356512515
3265,88.05755395683454,2.5714285714285716,89.40282237160373,3.913221510577802,89.3999938677023,1.2282229971460725,86.7151140459668,1.2282229971460725,86.71228554206539,3.9132215105778028,411.8398496952007,0.11852164616612869,S230518h,3265,411.8398496952007
1786,100.0,-25.714285714285715,101.47337395143259,-24.364296558100264,101.50700415419932,-27.049125620102114,98.4929958458007,-27.049125620102117,98.52662604856744,-24.364296558100264,406.80119331185654,0.11707159258471495,S230518h,1786,406.80119331185654
462,111.89189189189189,-59.142857142857146,114.40938539694494,-57.77503637791507,114.61470216931946,-60.45797086378109,109.16908161446437,-60.45797086378109,109.3743983868389,-57.77503637791507,404.4531538541299,0.11639586025332752,S230518h,462,404.4531538541299
618,111.42857142857143,-54.0,113.6404849373248,-52.63653458195245,113.78781632019735,-55.320137930746185,109.06932653694557,-55.320137930746185,109.2166579198181,-52.63653458195246,398.12640873106375,0.11457511306867725,S230518h,618,398.12640873106375
328,120.00000000000001,-64.28571428571429,122.9484578862648,-62.912088144662675,123.24957490559278,-65.59390815959678,116.7504250944073,-65.59390815959678,117.05154211373528,-62.91208814466269,391.688539099138,0.11272238583224425,S230518h,328,391.688539099138
1,0.0,-87.42857142857143,18.94267867422655,-85.86233945993571,47.53704869081069,-88.18054937333365,312.4629513091899,-88.18054937333366,341.0573213257738,-85.86233945993571,391.41913510430834,0.11264485519752163,S230518h,1,391.41913510430834
5,144.0,-87.42857142857143,162.94267867422656,-85.86233945993571,191.53704869081068,-88.18054937333365,96.46295130918988,-88.18054937333366,125.05732132577381,-85.86233945993571,379.2050397827943,0.10912981243270117,S230518h,5,379.2050397827943
9,288.0,-87.42857142857143,306.94267867422656,-85.86233945993571,335.5370486908107,-88.18054937333365,240.46295130918986,-88.18054937333366,269.0573213257738,-85.86233945993571,371.0995687541575,0.10679717325274594,S230518h,9,371.0995687541575
17,135.0,-84.85714285714286,146.71794712425864,-83.37744362876387,154.46938036478633,-85.97028677897576,115.53061963521401,-85.97028677897578,123.2820528757416,-83.37744362876387,364.70490442126817,0.10495687988634443,S230518h,17,364.70490442126817
2851,93.91304347826087,-5.142857142857143,95.25813101926579,-3.798944634426876,95.26381664071302,-6.4839386640898224,92.56227031580876,-6.4839386640898224,92.56795593725599,-3.798944634426876,361.832294265789,0.10413018357545344,S230518h,2851,361.832294265789
213,110.76923076923076,-69.42857142857143,114.36126855042426,-68.04666260702936,114.8383693256874,-70.7264248799515,106.70009221277421,-70.7264248799515,107.17719298803733,-68.04666260702936,360.9507530627283,0.10387648856602841,S230518h,213,360.9507530627283
3540,83.47826086956522,7.714285714285714,84.83733121540374,9.054648519068934,84.82873053953567,6.369662043398888,82.12779119959481,6.369662043398888,82.11919052372672,9.054648519068934,356.0321646141097,0.10246098882705117,S230518h,3540,356.0321646141097
3812,76.76470588235294,12.857142857142858,78.14912200788172,14.196033912171764,78.13439204803761,11.511072309187258,75.3950197166683,11.511072309187258,75.38028975682418,14.196033912171762,344.05287998447943,0.09901352123680421,S230518h,3812,344.05287998447943
35,130.9090909090909,-82.28571428571429,139.37433189741594,-80.84476493125493,142.8304372955114,-83.48932852839798,118.9877445226707,-83.48932852839799,122.44384992076604,-80.84476493125494,341.4709472281084,0.09827047774355842,S230518h,35,341.4709472281084
3403,86.08695652173913,5.142857142857143,87.43772968419128,6.4839386640898224,87.43204406274404,3.798944634426876,84.74186898073424,3.798944634426876,84.73618335928701,6.4839386640898224,334.21127786566603,0.09618124824307352,S230518h,3403,334.21127786566603
795,114.8936170212766,-48.857142857142854,116.88033007617695,-47.49711461576401,116.98978634432616,-50.181148838572724,112.79744769822707,-50.18114883857273,112.90690396637626,-47.49711461576401,330.12643347977377,0.09500568817692953,S230518h,795,330.12643347977377
989,112.94117647058823,-43.714285714285715,114.75755766561039,-42.35708007091478,114.84078439334164,-45.04140623104628,111.04156854783486,-45.04140623104628,111.1247952755661,-42.357080070914776,328.90050479574364,0.09465288335286731,S230518h,989,328.90050479574364
59,128.57142857142858,-79.71428571428571,135.20139784384156,-78.29528079466864,137.1423921703599,-80.95781243598245,120.00046497249744,-80.95781243598246,121.94145929901579,-78.29528079466864,327.7669616843294,0.09432666578148725,S230518h,59,327.7669616843294
890,113.87755102040816,-46.285714285714285,115.77337565700897,-44.92716054646096,115.8686016829695,-47.61135413271872,111.88650035784688,-47.61135413271872,111.9817263838074,-44.92716054646097,316.11755027966706,0.09097413100961198,S230518h,890,316.11755027966706
73,308.57142857142856,-79.71428571428571,315.2013978438415,-78.29528079466864,317.14239217035987,-80.95781243598246,300.0004649724974,-80.95781243598246,301.9414592990157,-78.29528079466864,312.7332893719072,0.09000018889560762,S230518h,73,312.7332893719072
2,36.0,-87.42857142857143,54.942678674226556,-85.86233945993571,83.53704869081069,-88.18054937333365,348.4629513091899,-88.18054937333366,17.057321325773806,-85.86233945993571,305.3851306016338,0.0878854934032034,S230518h,2,305.3851306016338
89,127.05882352941177,-77.14285714285714,132.51449482920722,-75.73800138505088,133.75312401040784,-78.40881732840315,120.36452304841585,-78.40881732840315,121.6031522296164,-75.73800138505088,299.0354676806136,0.0860581508025388,S230518h,89,299.0354676806136
15,90.0,-84.85714285714286,101.71794712425864,-83.37744362876387,109.46938036478636,-85.97028677897576,70.530619635214,-85.97028677897578,78.28205287574158,-83.37744362876387,297.37639038177707,0.08558069197304358,S230518h,15,297.37639038177707
1092,112.0754716981132,-41.142857142857146,113.8221717293826,-39.78689356329829,113.8951659759174,-42.47133090913313,110.25577742030906,-42.47133090913313,110.32877166684385,-39.78689356329829,294.466896330732,0.08474338100205417,S230518h,1092,294.466896330732
165,109.56521739130436,-72.0,113.6112985599832,-70.6124030235825,114.23791418858737,-73.29041267073946,104.89252059402146,-73.29041267073946,105.51913622262562,-70.61240302358252,289.90225916428966,0.08342974340355991,S230518h,165,289.90225916428966
3127,90.64748201438849,0.0,91.98998201438849,1.3425,91.98998201438849,-1.3425,89.30498201438851,-1.3425,89.30498201438851,1.3425,286.1559580199323,0.08235161126313713,S230518h,3127,286.1559580199323
393,119.99999999999999,-61.714285714285715,122.71326793194332,-60.34379108243227,122.96000475412144,-63.026244610554805,117.03999524587859,-63.026244610554805,117.28673206805671,-60.34379108243228,272.93301594133544,0.07854623676264974,S230518h,393,272.93301594133544
123,108.0,-74.57142857142857,112.64189052173472,-73.17648171315146,113.49877398436337,-75.85178786522627,102.50122601563675,-75.85178786522627,103.35810947826536,-73.17648171315146,256.24118834288373,0.07374256638943581,S230518h,123,256.24118834288373
125,126.0,-74.57142857142857,130.64189052173475,-73.17648171315146,131.49877398436334,-75.85178786522627,120.50122601563675,-75.85178786522627,121.35810947826536,-73.17648171315146,255.28298447900312,0.07346680895752647,S230518h,125,255.28298447900312
2439,92.64705882352942,-12.857142857142858,94.01674498921409,-11.511072309187256,94.0314749490582,-14.196033912171762,91.26264269800066,-14.196033912171762,91.27737265784478,-11.511072309187256,244.93640347945598,0.07048921023033898,S230518h,2439,244.93640347945598
33,98.18181818181817,-82.28571428571429,106.64705917014322,-80.84476493125493,110.10316456823864,-83.48932852839798,86.26047179539795,-83.48932852839799,89.7165771934933,-80.84476493125494,239.32424600254362,0.06887411119803437,S230518h,33,239.32424600254362
3263,82.87769784172662,2.5714285714285716,84.22296625649581,3.9132215105778028,84.22013775259438,1.2282229971460725,81.53525793085888,1.2282229971460725,81.53242942695746,3.9132215105778028,238.41357898826348,0.06861203419474884,S230518h,3263,238.41357898826348
1199,111.27272727272727,-38.57142857142857,112.95816032598195,-37.21661751837054,113.02233721303206,-39.90114873968189,109.52311733242252,-39.90114873968189,109.58729421947262,-37.21661751837055,234.6795602388622,0.06753743675275345,S230518h,1199,234.6795602388622
3677,81.45985401459855,10.285714285714286,82.83009958431849,11.625348013699176,82.81849514179396,8.940372286774092,80.10121288740315,8.940372286774092,80.08960844487864,11.625348013699176,233.47480894403247,0.06719072647984113,S230518h,3677,233.47480894403247
539,118.48101265822787,-56.57142857142857,120.83348104358875,-55.20592616588381,121.0065018602971,-57.88923408217534,115.95552345615869,-57.88923408217534,116.12854427286703,-55.20592616588381,224.81423276466015,0.06469833593947441,S230518h,539,224.81423276466015
87,105.88235294117648,-77.14285714285714,111.33802424097195,-75.73800138505088,112.57665342217253,-78.40881732840315,99.18805246018056,-78.40881732840315,100.42668164138111,-75.73800138505088,224.53326576878283,0.06461747763765059,S230518h,87,224.53326576878283
2305,94.02985074626865,-15.428571428571429,95.4135713564093,-14.081758883782793,95.4315848057323,-16.766702744722476,92.62811668680504,-16.766702744722476,92.64613013612804,-14.081758883782793,220.2830770496772,0.06339433382609878,S230518h,2305,220.2830770496772
24,292.5,-84.85714285714286,304.2179471242586,-83.37744362876387,311.9693803647864,-85.97028677897576,273.030619635214,-85.97028677897578,280.78205287574156,-83.37744362876387,215.73428909445136,0.06208525740497774,S230518h,24,215.73428909445136
167,125.21739130434783,-72.0,129.26347247302667,-70.61240302358252,129.89008810163082,-73.29041267073946,120.54469450706492,-73.29041267073946,121.17131013566906,-70.61240302358252,211.63897343332056,0.060906683854879615,S230518h,167,211.63897343332056
57,102.85714285714286,-79.71428571428571,109.4871121295558,-78.29528079466864,111.42810645607418,-80.95781243598246,94.2861792582117,-80.95781243598246,96.22717358473004,-78.29528079466864,210.13791759988567,0.06047470135367765,S230518h,57,210.13791759988567
3401,80.8695652173913,5.142857142857143,82.22033837984344,6.483938664089821,82.21465275839621,3.798944634426875,79.52447767638641,3.798944634426875,79.51879205493918,6.483938664089821,204.33280833345881,0.058804073543036295,S230518h,3401,204.33280833345881
1308,104.21052631578948,-36.0,105.84201609792076,-34.646265459437835,105.89852007601155,-37.33087636849861,102.52253255556744,-37.33087636849861,102.57903653365821,-34.646265459437835,200.81453977471696,0.05779156593468992,S230518h,1308,200.81453977471696
1788,105.71428571428572,-25.714285714285715,107.18765966571831,-24.364296558100264,107.22128986848506,-27.049125620102117,104.20728156008644,-27.049125620102117,104.24091176285316,-24.364296558100264,178.79518999954408,0.05145471051675809,S230518h,1788,178.79518999954408
106,307.05882352941177,-77.14285714285714,312.5144948292072,-75.73800138505088,313.7531240104078,-78.40881732840315,300.36452304841583,-78.40881732840315,301.60315222961634,-75.73800138505088,164.09196189868211,0.04722333077106334,S230518h,106,164.09196189868211
1310,110.52631578947368,-36.0,112.15780557160498,-34.646265459437835,112.21430954969577,-37.33087636849861,108.83832202925164,-37.33087636849861,108.89482600734242,-34.646265459437835,155.98733704473537,0.04489093510813853,S230518h,1310,155.98733704473537
215,124.61538461538461,-69.42857142857143,128.2074223965781,-68.04666260702936,128.68452317184122,-70.7264248799515,120.54624605892805,-70.7264248799515,121.02334683419117,-68.04666260702936,155.5238323219913,0.044757545046962915,S230518h,215,155.5238323219913
26,337.5,-84.85714285714286,349.2179471242586,-83.37744362876387,356.9693803647864,-85.97028677897576,318.030619635214,-85.97028677897578,325.7820528757416,-83.37744362876387,150.30396580126254,0.04325534176755198,S230518h,26,150.30396580126254
703,109.21348314606742,-51.42857142857143,111.30465369337097,-50.0669167681247,111.43119422245357,-52.7507575675321,106.99577206968132,-52.75075756753209,107.12231259876393,-50.0669167681247,142.93560958677162,0.04113483373821432,S230518h,703,142.93560958677162
3947,75.22388059701493,15.428571428571429,76.62561465647856,16.766702744722476,76.60760120715557,14.081758883782793,73.84015998687431,14.081758883782793,73.8221465375513,16.766702744722476,137.89781174476664,0.03968502723277659,S230518h,3947,137.89781174476664
2714,96.52173913043478,-7.714285714285714,97.87220880040523,-6.369662043398887,97.8808094762733,-9.054648519068932,95.16266878459629,-9.054648519068934,95.17126946046437,-6.369662043398888,131.73534389131504,0.037911556707820135,S230518h,2714,131.73534389131504
3813,79.41176470588236,12.857142857142858,80.79618083141115,14.196033912171762,80.78145087156705,11.511072309187258,78.04207854019772,11.511072309187258,78.02734858035362,14.196033912171762,130.61123930747664,0.03758805541031816,S230518h,3813,130.61123930747664
1912,97.67441860465117,-23.142857142857142,99.11988175965391,-21.793701763873017,99.14912774084597,-24.47856710988325,96.1997094684564,-24.478567109883254,96.22895544964847,-21.793701763873013,129.1567514779182,0.03716947451773224,S230518h,1912,129.1567514779182
705,117.30337078651685,-51.42857142857143,119.3945413338204,-50.0669167681247,119.52108186290297,-52.75075756753209,115.08565971013074,-52.7507575675321,115.21220023921335,-50.0669167681247,126.800394495194,0.03649134852105121,S230518h,705,126.800394495194
391,109.56521739130436,-61.714285714285715,112.27848532324771,-60.34379108243227,112.52522214542583,-63.026244610554805,106.60521263718296,-63.026244610554805,106.85194945936108,-60.34379108243228,108.88091750864963,0.03133437812964023,S230518h,391,108.88091750864963
45,294.5454545454545,-82.28571428571429,303.0106955337796,-80.84476493125493,306.46680093187496,-83.48932852839799,282.6241081590343,-83.48932852839799,286.08021355712964,-80.84476493125494,108.66508879039513,0.031272265696867196,S230518h,45,108.66508879039513
1197,104.72727272727272,-38.57142857142857,106.41270578052742,-37.21661751837055,106.47688266757751,-39.90114873968188,102.97766278696797,-39.90114873968188,103.04183967401808,-37.21661751837055,107.72992351288396,0.0310031384421587,S230518h,1197,107.72992351288396
1664,107.41935483870968,-28.285714285714285,108.9248285567671,-26.934856738758633,108.9632771723943,-29.619643297737973,105.87543250502509,-29.619643297737973,105.91388112065229,-26.934856738758633,105.99113029492014,0.0305027385059017,S230518h,1664,105.99113029492014
2989,93.23741007194245,-2.5714285714285716,94.57984998281022,-1.2282229971460725,94.58267848671164,-3.9132215105778028,91.8921416571733,-3.9132215105778028,91.89497016107472,-1.2282229971460725,104.10833151138958,0.029960895817806366,S230518h,2989,104.10833151138958
3538,78.26086956521738,7.714285714285714,79.61993991105591,9.054648519068936,79.61133923518781,6.369662043398887,76.91039989524697,6.369662043398887,76.90179921937889,9.054648519068936,101.64810839955466,0.029252878627710668,S230518h,3538,101.64810839955466
47,327.2727272727273,-82.28571428571429,335.73796826105234,-80.84476493125494,339.19407365914776,-83.48932852839798,315.351380886307,-83.48932852839799,318.8074862844024,-80.84476493125494,98.78562772034175,0.028429097435895112,S230518h,47,98.78562772034175
3811,74.11764705882354,12.857142857142858,75.50206318435231,14.196033912171764,75.4873332245082,11.511072309187258,72.7479608931389,11.511072309187258,72.73323093329479,14.196033912171764,94.52388950057268,0.027202629842460517,S230518h,3811,94.52388950057268
269,124.13793103448276,-66.85714285714286,127.37329456592742,-65.47978277490616,127.74783150696688,-68.16074530410795,120.52803056199872,-68.16074530410795,120.90256750303814,-65.47978277490616,93.42580389500613,0.02688661643652275,S230518h,269,93.42580389500613
3675,76.2043795620438,10.285714285714286,77.57462513176374,11.625348013699178,77.56302068923922,8.94037228677409,74.8457384348484,8.94037228677409,74.8341339923239,11.625348013699176,88.91164263604298,0.025587505085672067,S230518h,3675,88.91164263604298
537,109.36708860759495,-56.57142857142857,111.71955699295582,-55.2059261658838,111.89257780966419,-57.88923408217533,106.84159940552578,-57.88923408217534,107.01462022223411,-55.2059261658838,83.8496577849041,0.024130737903309777,S230518h,537,83.8496577849041
1540,101.15702479338843,-30.857142857142858,102.69920118528441,-29.505376370373565,102.74299159015179,-32.19011325013147,99.5710579966251,-32.19011325013147,99.6148484014925,-29.505376370373565,83.45257926810302,0.024016464358621717,S230518h,1540,83.45257926810302
2041,96.18320610687024,-20.571428571428573,97.60460416534426,-19.223077558193822,97.62982600187937,-21.90797373899533,94.73658621186114,-21.90797373899533,94.76180804839626,-19.223077558193825,82.6554322690119,0.02378705679974029,S230518h,2041,82.6554322690119
2172,94.73684210526316,-18.0,96.13773698822328,-16.652428552581583,96.15923238207064,-19.337350738895033,93.31445182845573,-19.337350738895033,93.33594722230309,-16.652428552581583,79.19626585703595,0.022791557947908936,S230518h,2172,79.19626585703595
2986,85.46762589928058,-2.5714285714285716,86.81006581014834,-1.2282229971460725,86.81289431404976,-3.9132215105778028,84.12235748451141,-3.9132215105778028,84.12518598841284,-1.2282229971460727,69.49781794694589,0.020000482697636185,S230518h,2986,69.49781794694589
8,252.0,-87.42857142857143,270.94267867422656,-85.86233945993571,299.5370486908107,-88.18054937333365,204.46295130918986,-88.18054937333366,233.0573213257738,-85.86233945993571,66.31218885543274,0.019083703992806428,S230518h,8,66.31218885543274
3946,72.53731343283583,15.428571428571429,73.93904749229948,16.766702744722476,73.92103404297649,14.081758883782793,71.15359282269522,14.081758883782793,71.13557937337222,16.766702744722476,65.38868804601891,0.01881793360597163,S230518h,3946,65.38868804601891
74,321.42857142857144,-79.71428571428571,328.05854070098434,-78.29528079466864,329.99953502750276,-80.95781243598245,312.85760782964024,-80.95781243598246,314.7986021561586,-78.29528079466864,64.44970522871675,0.0185477077176543,S230518h,74,64.44970522871675
6,180.0,-87.42857142857143,198.94267867422653,-85.86233945993571,227.53704869081068,-88.18054937333365,132.4629513091899,-88.18054937333366,161.0573213257738,-85.86233945993571,64.28645010023368,0.01850072521562785,S230518h,6,64.28645010023368
4079,70.37593984962406,18.0,71.79833012643154,19.337350738895033,71.77683473258418,16.652428552581583,68.97504496666399,16.652428552581583,68.95354957281663,19.337350738895033,64.22469823305198,0.01848295390729617,S230518h,4079,64.22469823305198
2711,88.69565217391305,-7.714285714285714,90.0461218438835,-6.369662043398887,90.05472251975156,-9.054648519068934,87.33658182807456,-9.054648519068936,87.34518250394264,-6.369662043398887,60.90600519058814,0.01752788129155974,S230518h,2711,60.90600519058814
326,108.57142857142858,-64.28571428571429,111.51988645769337,-62.91208814466269,111.82100347702135,-65.59390815959678,105.32185366583587,-65.59390815959678,105.62297068516384,-62.91208814466269,58.830366477024434,0.016930542016694076,S230518h,326,58.830366477024434
145,306.0,-74.57142857142857,310.64189052173475,-73.17648171315146,311.4987739843633,-75.85178786522627,300.50122601563675,-75.85178786522627,301.35810947826536,-73.17648171315146,52.33139283682594,0.015060229916501069,S230518h,145,52.33139283682594
1090,105.28301886792454,-41.142857142857146,107.02971889919395,-39.7868935632983,107.10271314572873,-42.47133090913313,103.4633245901204,-42.47133090913313,103.53631883665518,-39.7868935632983,50.481799431923406,0.014527943263693421,S230518h,1090,50.481799431923406
4080,73.0827067669173,18.0,74.50509704372477,19.33735073889503,74.48360164987741,16.65242855258158,71.68181188395722,16.65242855258158,71.66031649010986,19.337350738895033,49.77791442437926,0.014325375178386638,S230518h,4080,49.77791442437926
4211,68.70229007633588,20.571428571428573,70.148909971345,21.907973738995334,70.12368813480988,19.223077558193825,67.2808920178619,19.223077558193825,67.25567018132678,21.907973738995334,49.61023205029673,0.014277118578098894,S230518h,4211,49.61023205029673
107,317.64705882352945,-77.14285714285714,323.10273012332493,-75.73800138505088,324.3413593045255,-78.40881732840315,310.9527583425335,-78.40881732840315,312.1913875237341,-75.73800138505088,48.75084629029925,0.014029799589802803,S230518h,107,48.75084629029925
4340,64.18604651162791,23.142857142857142,65.6607556478227,24.478567109883254,65.63150966663063,21.79370176387302,62.74058335662521,21.793701763873017,62.711337375433146,24.478567109883254,46.088261824807425,0.013263545682756152,S230518h,4340,46.088261824807425
2175,102.85714285714286,-18.0,104.25803774010296,-16.65242855258158,104.27953313395034,-19.33735073889503,101.43475258033541,-19.337350738895033,101.45624797418277,-16.65242855258158,42.45036748610062,0.012216611477819267,S230518h,2175,42.45036748610062
4467,60.00000000000001,25.714285714285715,61.507004154199336,27.049125620102114,61.4733739514326,24.36429655810026,58.526626048567444,24.36429655810026,58.492995845800706,27.049125620102114,41.40858829168165,0.011916802255483108,S230518h,4467,41.40858829168165
146,315.0,-74.57142857142857,319.6418905217347,-73.17648171315146,320.49877398436337,-75.85178786522627,309.50122601563675,-75.85178786522627,310.35810947826536,-73.17648171315146,38.37405593110788,0.011043507038942572,S230518h,146,38.37405593110788
4210,65.95419847328245,20.571428571428573,67.40081836829158,21.90797373899533,67.37559653175646,19.223077558193822,64.53280041480846,19.223077558193822,64.50757857827334,21.907973738995327,37.59676187463297,0.010819812874337724,S230518h,4210,37.59676187463297
464,121.62162162162161,-59.142857142857146,124.13911512667465,-57.77503637791507,124.34443189904918,-60.45797086378109,118.8988113441941,-60.45797086378109,119.10412811656863,-57.77503637791508,37.29880386796393,0.010734064801476565,S230518h,464,37.29880386796393
72,295.7142857142857,-79.71428571428571,302.3442549866986,-78.29528079466864,304.28524931321704,-80.95781243598245,287.1433221153546,-80.95781243598246,289.0843164418729,-78.29528079466864,35.455519787713236,0.01020359388248993,S230518h,72,35.455519787713236
4591,55.16129032258064,28.285714285714285,56.70521265626525,29.619643297737973,56.66676404063805,26.934856738758633,53.65581660452325,26.934856738758633,53.61736798889604,29.619643297737973,32.77934330442366,0.009433428386204645,S230518h,4591,32.77934330442366
191,313.0434782608695,-72.0,317.08955942954833,-70.61240302358252,317.7161750581525,-73.29041267073946,308.37078146358664,-73.29041267073946,308.9973970921908,-70.61240302358252,32.511162427874964,0.009356249747512077,S230518h,191,32.511162427874964
4339,61.395348837209305,23.142857142857142,62.870057973404094,24.478567109883254,62.84081199221203,21.793701763873013,59.949885682206606,21.793701763873017,59.92063970101454,24.478567109883258,30.998076703920283,0.008920805215065058,S230518h,4339,30.998076703920283
190,305.2173913043478,-72.0,309.26347247302664,-70.61240302358252,309.8900881016308,-73.29041267073946,300.5446945070649,-73.29041267073946,301.17131013566905,-70.6124030235825,30.60504104122858,0.008807695146239296,S230518h,190,30.60504104122858
4466,57.142857142857146,25.714285714285715,58.64986129705647,27.049125620102114,58.61623109428973,24.36429655810026,55.66948319142458,24.36429655810026,55.63585298865786,27.049125620102114,27.69270302906991,0.007969565723725428,S230518h,4466,27.69270302906991
4341,66.9767441860465,23.142857142857142,68.45145332224129,24.478567109883254,68.42220734104923,21.793701763873017,65.5312810310438,21.79370176387302,65.50203504985174,24.478567109883254,27.37272070303587,0.007877479365269127,S230518h,4341,27.37272070303587
2044,104.42748091603053,-20.571428571428573,105.84887897450454,-19.223077558193822,105.87410081103967,-21.90797373899533,102.98086102102143,-21.90797373899533,103.00608285755655,-19.223077558193822,26.768940747124645,0.007703720088818166,S230518h,2044,26.768940747124645
4468,62.85714285714286,25.714285714285715,64.3641470113422,27.049125620102117,64.33051680857545,24.36429655810026,61.38376890571031,24.36429655810026,61.350138702943575,27.049125620102114,26.503591648526758,0.007627356395509236,S230518h,4468,26.503591648526758
4212,71.45038167938932,20.571428571428573,72.89700157439846,21.90797373899533,72.87177973786333,19.223077558193822,70.02898362091534,19.223077558193822,70.00376178438022,21.90797373899533,25.61514283696419,0.007371673474687785,S230518h,4212,25.61514283696419
1422,101.53846153846153,-33.42857142857143,103.12244246007415,-32.07584860566057,103.17220667031444,-34.76052743532979,99.90471640660869,-34.76052743532979,99.95448061684894,-32.07584860566057,25.515820390678773,0.00734308988851052,S230518h,1422,25.515820390678773
242,311.5384615384615,-69.42857142857143,315.130499319655,-68.04666260702936,315.6076000949181,-70.7264248799515,307.46932298200494,-70.7264248799515,307.94642375726806,-68.04666260702936,24.50711803373369,0.00705279970914768,S230518h,242,24.50711803373369
1425,110.76923076923077,-33.42857142857143,112.3532116908434,-32.07584860566057,112.40297590108368,-34.76052743532979,109.13548563737791,-34.76052743532979,109.18524984761818,-32.07584860566057,23.74220981565011,0.006832670012518367,S230518h,1425,23.74220981565011
4592,58.06451612903226,28.285714285714285,59.60843846271688,29.619643297737966,59.569989847089666,26.934856738758633,56.559042410974875,26.934856738758633,56.520593795347665,29.619643297737973,23.072165895528347,0.006639840910440918,S230518h,4592,23.072165895528347
4078,67.66917293233082,18.0,69.09156320913829,19.33735073889503,69.07006781529094,16.65242855258158,66.26827804937075,16.652428552581583,66.24678265552339,19.337350738895033,22.91876369192628,0.00659569393993798,S230518h,4078,22.91876369192628
888,106.53061224489795,-46.285714285714285,108.42643688149876,-44.92716054646097,108.52166290745929,-47.61135413271872,104.53956158233667,-47.61135413271872,104.63478760829719,-44.92716054646097,22.744704629667073,0.006545602219565699,S230518h,888,22.744704629667073
987,105.88235294117646,-43.714285714285715,107.69873413619862,-42.35708007091478,107.78196086392987,-45.04140623104628,103.98274501842307,-45.04140623104628,104.06597174615433,-42.35708007091478,22.714930596740434,0.006537033676725366,S230518h,987,22.714930596740434
4590,52.25806451612903,28.285714285714285,53.80198684981365,29.619643297737966,53.76353823418645,26.934856738758633,50.75259079807166,26.934856738758633,50.71414218244445,29.619643297737966,22.706244770406382,0.0065345340195499205,S230518h,4590,22.706244770406382
3541,86.08695652173913,7.714285714285714,87.44602686757766,9.054648519068934,87.43742619170958,6.369662043398886,84.73648685176872,6.369662043398887,84.72788617590064,9.054648519068934,21.590604939980373,0.0062134687575835235,S230518h,3541,21.590604939980373
793,107.23404255319149,-48.857142857142854,109.22075560809185,-47.49711461576401,109.33021187624105,-50.181148838572724,105.13787323014198,-50.18114883857273,105.24732949829117,-47.49711461576401,20.858314205129307,0.006002725908315813,S230518h,793,20.858314205129307
620,120.00000000000001,-54.0,122.21191350875337,-52.63653458195246,122.35924489162592,-55.320137930746185,117.64075510837414,-55.320137930746185,117.78808649124669,-52.63653458195246,20.503178243978475,0.0059005228340879585,S230518h,620,20.503178243978475
3221,334.10071942446046,0.0,335.4432194244605,1.3425,335.4432194244605,-1.3425,332.7582194244605,-1.3425,332.7582194244605,1.3425,20.045262441779844,0.005768741184686541,S230518h,3221,20.045262441779844
7,216.0,-87.42857142857143,234.94267867422656,-85.86233945993571,263.5370486908107,-88.18054937333365,168.4629513091899,-88.18054937333366,197.05732132577378,-85.86233945993571,17.128186690538843,0.0049292483083069084,S230518h,7,17.128186690538843
14,67.5,-84.85714285714286,79.21794712425864,-83.37744362876387,86.96938036478636,-85.97028677897576,48.030619635214,-85.97028677897578,55.78205287574159,-83.37744362876387,16.43004330746242,0.004728332580789411,S230518h,14,16.43004330746242
2442,100.58823529411765,-12.857142857142858,101.95792145980232,-11.511072309187258,101.97265141964644,-14.196033912171762,99.2038191685889,-14.19603391217176,99.21854912843301,-11.511072309187258,16.267376913520742,0.00468151950818329,S230518h,2442,16.267376913520742
2942,331.30434782608694,-5.142857142857143,332.6494353670919,-3.798944634426875,332.6551209885391,-6.483938664089822,329.9535746636348,-6.4839386640898224,329.9592602850821,-3.798944634426875,16.246496553160863,0.0046755104377054655,S230518h,2942,16.246496553160863
3948,77.91044776119404,15.428571428571429,79.31218182065767,16.766702744722476,79.29416837133468,14.081758883782792,76.52672715105342,14.081758883782793,76.50871370173043,16.76670274472248,16.209367252528793,0.004664825153522386,S230518h,3948,16.209367252528793
3081,331.51079136690646,-2.5714285714285716,332.8532312777742,-1.2282229971460725,332.8560597816757,-3.913221510577802,330.16552295213734,-3.913221510577802,330.16835145603875,-1.2282229971460725,16.141589366427045,0.004645319642726418,S230518h,3081,16.141589366427045
3124,82.87769784172662,0.0,84.22019784172663,1.3425,84.22019784172663,-1.3425,81.53519784172666,-1.3425,81.53519784172666,1.3425,16.072459450521464,0.004625425036999169,S230518h,3124,16.072459450521464
3499,336.52173913043475,5.142857142857143,337.8725122928869,6.4839386640898224,337.86682667143964,3.798944634426876,335.17665158942987,3.798944634426876,335.1709659679826,6.483938664089822,15.304151502978003,0.0044043169466267485,S230518h,3499,15.304151502978003
3945,69.8507462686567,15.428571428571429,71.25248032812036,16.76670274472248,71.23446687879736,14.081758883782793,68.46702565851609,14.081758883782793,68.44901220919309,16.76670274472248,14.522338908655932,0.004179322411151268,S230518h,3945,14.522338908655932
105,296.47058823529414,-77.14285714285714,301.92625953508957,-75.73800138505088,303.1648887162902,-78.40881732840315,289.7762877542982,-78.40881732840315,291.0149169354988,-75.73800138505088,13.953146893194464,0.004015517051599399,S230518h,105,13.953146893194464
3360,334.10071942446046,2.5714285714285716,335.44598783922964,3.913221510577802,335.44315933532823,1.2282229971460723,332.75827951359275,1.2282229971460723,332.7554510096913,3.913221510577802,13.178188246634855,0.003792494984723411,S230518h,3360,13.178188246634855
18,157.5,-84.85714285714286,169.21794712425864,-83.37744362876387,176.96938036478636,-85.97028677897576,138.030619635214,-85.97028677897578,145.78205287574158,-83.37744362876387,12.374334021047213,0.0035611571815342405,S230518h,18,12.374334021047213
241,304.6153846153846,-69.42857142857143,308.20742239657807,-68.04666260702936,308.68452317184125,-70.7264248799515,300.54624605892803,-70.7264248799515,301.02334683419116,-68.04666260702936,12.367155281663383,0.003559091242529555,S230518h,241,12.367155281663383
1915,106.04651162790698,-23.142857142857142,107.49197478290972,-21.793701763873017,107.52122076410177,-24.478567109883254,104.5718024917122,-24.478567109883254,104.60104847290428,-21.793701763873013,12.33793426009605,0.003550681848486265,S230518h,1915,12.33793426009605
4209,63.20610687022901,20.571428571428573,64.65272676523814,21.907973738995324,64.62750492870303,19.223077558193822,61.784708811755024,19.223077558193822,61.7594869752199,21.907973738995327,11.981304558625979,0.003448048897058057,S230518h,4209,11.981304558625979
3361,336.6906474820144,2.5714285714285716,338.0359158967836,3.9132215105778028,338.0330873928822,1.2282229971460725,335.34820757114665,1.2282229971460725,335.3453790672452,3.9132215105778028,11.615092558945761,0.0033426582966098197,S230518h,3361,11.615092558945761
2574,89.34306569343066,-10.285714285714286,90.70170682062609,-8.94037228677409,90.7133112631506,-11.625348013699176,87.97282012371075,-11.625348013699174,87.98442456623526,-8.94037228677409,11.423482567770225,0.0032875156687344224,S230518h,2574,11.423482567770225
329,125.71428571428572,-64.28571428571429,128.66274360055053,-62.91208814466269,128.9638606198785,-65.59390815959678,122.46471080869301,-65.59390815959678,122.76582782802099,-62.912088144662675,11.378888566118878,0.0032746821498586642,S230518h,329,11.378888566118878
3638,339.1304347826087,7.714285714285714,340.48950512844715,9.054648519068932,340.48090445257907,6.369662043398886,337.77996511263825,6.369662043398886,337.77136443677017,9.054648519068934,11.158212998083693,0.0032111748627140797,S230518h,3638,11.158212998083693
23,270.0,-84.85714285714286,281.71794712425867,-83.37744362876387,289.4693803647864,-85.97028677897576,250.53061963521398,-85.97028677897578,258.28205287574156,-83.37744362876387,10.507693888884784,0.0030239647232828426,S230518h,23,10.507693888884784
3266,90.64748201438849,2.5714285714285716,91.99275042915768,3.913221510577802,91.98992192525625,1.2282229971460723,89.30504210352075,1.2282229971460725,89.30221359961932,3.9132215105778028,10.280345857672847,0.0029585371962190837,S230518h,3266,10.280345857672847
1543,110.08264462809917,-30.857142857142858,111.62482101999515,-29.505376370373565,111.66861142486253,-32.19011325013147,108.49667783133584,-32.19011325013147,108.54046823620322,-29.505376370373565,10.138687211686316,0.0029177698544273303,S230518h,1543,10.138687211686316
299,310.3448275862069,-66.85714285714286,313.58019111765157,-65.47978277490616,313.954728058691,-68.16074530410795,306.73492711372285,-68.16074530410795,307.1094640547623,-65.47978277490616,9.893008914933915,0.002847067137873953,S230518h,299,9.893008914933915
4589,49.354838709677416,28.285714285714285,50.89876104336204,29.619643297737966,50.86031242773483,26.934856738758633,47.84936499162004,26.934856738758633,47.81091637599284,29.619643297737973,9.467000795946412,0.002724468065492048,S230518h,4589,9.467000795946412
36,147.27272727272725,-82.28571428571429,155.73796826105232,-80.84476493125494,159.19407365914773,-83.48932852839799,135.35138088630706,-83.48932852839799,138.8074862844024,-80.84476493125494,9.422325151232858,0.002711611050905183,S230518h,36,9.422325151232858
2803,328.69565217391306,-7.714285714285714,330.0461218438835,-6.369662043398886,330.0547225197516,-9.054648519068934,327.33658182807454,-9.054648519068934,327.3451825039426,-6.369662043398887,9.366766622382137,0.002695622097182445,S230518h,2803,9.366766622382137
617,107.14285714285715,-54.0,109.35477065161052,-52.63653458195246,109.50210203448306,-55.320137930746185,104.78361225123129,-55.320137930746185,104.93094363410384,-52.63653458195246,9.268208214770322,0.002667258390459286,S230518h,617,9.268208214770322
1661,98.70967741935483,-28.285714285714285,100.21515113741225,-26.934856738758633,100.25359975303945,-29.619643297737973,97.16575508567024,-29.619643297737973,97.20420370129744,-26.934856738758633,9.12017202992341,0.0026246556837683367,S230518h,1661,9.12017202992341
3262,80.28776978417267,2.5714285714285716,81.63303819894185,3.9132215105778028,81.63020969504043,1.2282229971460725,78.94532987330493,1.2282229971460725,78.9425013694035,3.9132215105778028,8.689421425543012,0.002500691791600049,S230518h,3262,8.689421425543012
2308,102.08955223880598,-15.428571428571429,103.47327284894664,-14.081758883782793,103.49128629826963,-16.76670274472248,100.68781817934236,-16.766702744722476,100.70583162866536,-14.081758883782793,8.281595368268036,0.0023833252577557763,S230518h,2308,8.281595368268036
3082,334.10071942446046,-2.5714285714285716,335.44315933532823,-1.2282229971460723,335.44598783922964,-3.913221510577802,332.7554510096913,-3.913221510577802,332.75827951359275,-1.2282229971460723,8.18330495890018,0.0023550386771122502,S230518h,3082,8.18330495890018
11,0.0,-84.85714285714286,11.717947124258643,-83.37744362876387,19.469380364786353,-85.97028677897576,340.530619635214,-85.97028677897578,348.2820528757416,-83.37744362876387,7.871007558342236,0.0022651639308123857,S230518h,11,7.871007558342236
60,141.42857142857142,-79.71428571428571,148.0585407009844,-78.29528079466864,149.99953502750276,-80.95781243598246,132.85760782964027,-80.95781243598246,134.79860215615864,-78.29528079466864,7.671254069584086,0.0022076777202561103,S230518h,60,7.671254069584086
2848,86.08695652173913,-5.142857142857143,87.43204406274404,-3.798944634426876,87.43772968419128,-6.4839386640898224,84.73618335928701,-6.4839386640898224,84.74186898073424,-3.798944634426876,7.5039634184812725,0.002159533852265717,S230518h,2848,7.5039634184812725
3810,71.47058823529412,12.857142857142858,72.8550043608229,14.196033912171762,72.84027440097879,11.511072309187256,70.10090206960948,11.511072309187258,70.08617210976536,14.196033912171762,7.458772339775436,0.002146528503113121,S230518h,3810,7.458772339775436
4081,75.78947368421052,18.0,77.21186396101798,19.337350738895033,77.19036856717064,16.652428552581583,74.38857880125045,16.65242855258158,74.36708340740309,19.33735073889503,7.378535236205589,0.0021234374068878807,S230518h,4081,7.378535236205589
3404,88.69565217391305,5.142857142857143,90.04642533636519,6.483938664089822,90.04073971491796,3.798944634426875,87.35056463290816,3.798944634426876,87.34487901146093,6.4839386640898224,7.356542849553974,0.0021171083110730865,S230518h,3404,7.356542849553974
3678,84.08759124087591,10.285714285714286,85.45783681059585,11.625348013699176,85.44623236807134,8.94037228677409,82.72895011368053,8.94037228677409,82.717345671156,11.625348013699178,7.1985809466890895,0.0020716491240300255,S230518h,3678,7.1985809466890895
2804,331.30434782608694,-7.714285714285714,332.6548174960574,-6.369662043398887,332.66341817192546,-9.054648519068934,329.9452774802485,-9.054648519068934,329.95387815611656,-6.369662043398887,6.926995363366867,0.001993490659194336,S230518h,2804,6.926995363366867
2665,328.46715328467155,-10.285714285714286,329.825794411867,-8.94037228677409,329.8373988543915,-11.625348013699174,327.0969077149516,-11.625348013699172,327.1085121574762,-8.94037228677409,6.838085402424936,0.0019679036380762897,S230518h,2665,6.838085402424936
3775,338.978102189781,10.285714285714286,340.34834775950094,11.625348013699176,340.33674331697637,8.94037228677409,337.6194610625856,8.940372286774092,337.60785662006106,11.625348013699176,6.632979490767686,0.0019088770764018597,S230518h,3775,6.632979490767686
394,125.21739130434783,-61.714285714285715,127.93065923629116,-60.34379108243228,128.17739605846927,-63.026244610554805,122.25738655022641,-63.026244610554805,122.50412337240454,-60.34379108243228,6.496608102660573,0.0018696313321632262,S230518h,394,6.496608102660573
891,117.55102040816325,-46.285714285714285,119.44684504476406,-44.92716054646097,119.54207107072459,-47.61135413271872,115.55996974560198,-47.61135413271873,115.6551957715625,-44.92716054646097,6.491547374115808,0.001868174926527955,S230518h,891,6.491547374115808
4593,60.96774193548387,28.285714285714285,62.51166426916849,29.619643297737973,62.47321565354129,26.934856738758633,59.4622682174265,26.934856738758633,59.42381960179928,29.619643297737966,6.441219156565012,0.0018536911819433985,S230518h,4593,6.441219156565012
796,118.72340425531915,-48.857142857142854,120.7101173102195,-47.49711461576401,120.8195735783687,-50.181148838572724,116.62723493226962,-50.181148838572724,116.73669120041882,-47.49711461576401,6.353936548876185,0.001828572489926081,S230518h,796,6.353936548876185
4469,65.71428571428572,25.714285714285715,67.22128986848504,27.049125620102114,67.18765966571831,24.36429655810026,64.24091176285316,24.364296558100264,64.20728156008643,27.049125620102114,6.302800161608057,0.0018138561656012425,S230518h,4469,6.302800161608057
3400,78.26086956521738,5.142857142857143,79.61164272766953,6.4839386640898224,79.60595710622229,3.798944634426876,76.91578202421249,3.798944634426876,76.91009640276526,6.4839386640898224,6.221795091384465,0.0017905440595051266,S230518h,3400,6.221795091384465
4465,54.28571428571429,25.714285714285715,55.79271843991362,27.049125620102117,55.75908823714689,24.36429655810026,52.81234033428173,24.36429655810026,52.778710131515,27.049125620102117,5.93266645689399,0.001707336954270076,S230518h,4465,5.93266645689399
126,135.0,-74.57142857142857,139.64189052173472,-73.17648171315146,140.49877398436334,-75.85178786522627,129.50122601563675,-75.85178786522627,130.35810947826536,-73.17648171315146,5.9280424829978084,0.0017060062404054262,S230518h,126,5.9280424829978084
3674,73.57664233576642,10.285714285714286,74.94688790548636,11.625348013699176,74.93528346296185,8.94037228677409,72.21800120857102,8.94037228677409,72.20639676604651,11.625348013699176,5.6332601631989325,0.0016211720850193207,S230518h,3674,5.6332601631989325
3637,336.52173913043475,7.714285714285714,337.88080947627327,9.054648519068932,337.8722088004052,6.369662043398887,335.1712694604643,6.369662043398886,335.16266878459624,9.054648519068932,5.588024925303546,0.001608154027480582,S230518h,3637,5.588024925303546
90,137.6470588235294,-77.14285714285714,143.10273012332487,-75.73800138505088,144.34135930452544,-78.40881732840315,130.95275834253349,-78.40881732840315,132.19138752373402,-75.73800138505088,5.567438022566577,0.0016022294099292368,S230518h,90,5.567438022566577
4338,58.6046511627907,23.142857142857142,60.07936029898549,24.478567109883254,60.05011431779343,21.793701763873017,57.159188007787996,21.793701763873017,57.129942026595934,24.478567109883254,5.353715444974127,0.0015407230944576465,S230518h,4338,5.353715444974127
3220,331.51079136690646,0.0,332.8532913669065,1.3425,332.8532913669065,-1.3425,330.1682913669065,-1.3424999999999998,330.1682913669065,1.3424999999999998,5.2400093474078,0.0015080000981942654,S230518h,3220,5.2400093474078
1093,115.47169811320755,-41.142857142857146,117.21839814447696,-39.7868935632983,117.29139239101175,-42.47133090913314,113.6520038354034,-42.47133090913313,113.7249980819382,-39.7868935632983,5.1034225173177195,0.0014686923528197692,S230518h,1093,5.1034225173177195
461,107.02702702702703,-59.142857142857146,109.54452053208009,-57.77503637791508,109.74983730445462,-60.45797086378109,104.30421674959952,-60.45797086378109,104.50953352197406,-57.77503637791508,4.808027300641434,0.0013836818144369858,S230518h,461,4.808027300641434
3814,82.05882352941177,12.857142857142858,83.44323965494056,14.196033912171764,83.42850969509644,11.511072309187258,80.68913736372713,11.511072309187258,80.67440740388302,14.196033912171764,4.601011923765949,0.0013241057358541514,S230518h,3814,4.601011923765949
144,297.0,-74.57142857142857,301.6418905217347,-73.17648171315146,302.49877398436337,-75.85178786522627,291.50122601563675,-75.85178786522627,292.35810947826536,-73.17648171315146,4.380281468055202,0.0012605826528178708,S230518h,144,4.380281468055202
990,116.47058823529412,-43.714285714285715,118.28696943031628,-42.357080070914776,118.37019615804753,-45.04140623104628,114.57098031254074,-45.04140623104628,114.654207040272,-42.357080070914776,4.277091407152911,0.001230886022209701,S230518h,990,4.277091407152911
4342,69.76744186046511,23.142857142857142,71.2421509966599,24.478567109883254,71.21290501546784,21.793701763873013,68.3219787054624,21.793701763873013,68.29273272427035,24.47856710988325,4.156279887656665,0.0011961181866611897,S230518h,4342,4.156279887656665
3537,75.65217391304348,7.714285714285714,77.011244258882,9.054648519068932,77.00264358301392,6.369662043398887,74.30170424307308,6.369662043398886,74.29310356720498,9.054648519068932,3.7167566689877174,0.0010696296609795863,S230518h,3537,3.7167566689877174
266,105.51724137931035,-66.85714285714286,108.75260491075503,-65.47978277490616,109.12714185179445,-68.16074530410795,101.90734090682633,-68.16074530410795,102.28187784786574,-65.47978277490616,3.6008705243285384,0.0010362792781960428,S230518h,266,3.6008705243285384
3222,336.6906474820144,0.0,338.0331474820144,1.3425,338.0331474820144,-1.3425,335.34814748201444,-1.3425,335.34814748201444,1.3425,3.5370340299832934,0.0010179080438415412,S230518h,3222,3.5370340299832934
3500,339.1304347826087,5.142857142857143,340.4812079450608,6.4839386640898224,340.4755223236136,3.798944634426875,337.7853472416038,3.798944634426876,337.7796616201565,6.4839386640898224,3.510043267517022,0.001010140486619604,S230518h,3500,3.510043267517022
44,278.1818181818182,-82.28571428571429,286.6470591701432,-80.84476493125493,290.10316456823864,-83.48932852839798,266.2604717953979,-83.48932852839799,269.71657719349326,-80.84476493125494,3.4404921815492235,0.0009901246741438414,S230518h,44,3.4404921815492235
2941,328.69565217391306,-5.142857142857143,330.040739714918,-3.798944634426876,330.0464253363652,-6.4839386640898224,327.34487901146093,-6.483938664089823,327.3505646329081,-3.798944634426876,3.21145103533769,0.0009242098926848381,S230518h,2941,3.21145103533769
298,304.13793103448273,-66.85714285714286,307.3732945659274,-65.47978277490616,307.7478315069668,-68.16074530410795,300.5280305619987,-68.16074530410795,300.90256750303814,-65.47978277490616,3.1523276657582877,0.0009071950285462044,S230518h,298,3.1523276657582877
2578,99.85401459854015,-10.285714285714286,101.21265572573556,-8.94037228677409,101.22426016826009,-11.625348013699178,98.48376902882023,-11.625348013699178,98.49537347134475,-8.94037228677409,3.1069044082245534,0.0008941228616320251,S230518h,2578,3.1069044082245534
1200,114.54545454545455,-38.57142857142857,116.23088759870923,-37.21661751837055,116.29506448575934,-39.90114873968188,112.79584460514978,-39.90114873968188,112.86002149219989,-37.21661751837055,2.9405662605735725,0.0008462531105761001,S230518h,1200,2.9405662605735725
2666,331.0948905109489,-10.285714285714286,332.45353163814434,-8.940372286774092,332.4651360806688,-11.625348013699174,329.724644941229,-11.625348013699174,329.7362493837535,-8.94037228677409,2.9052720654396427,0.0008360959436324986,S230518h,2666,2.9052720654396427
2943,333.9130434782609,-5.142857142857143,335.2581310192658,-3.798944634426875,335.263816640713,-6.483938664089822,332.56227031580875,-6.4839386640898224,332.56795593725593,-3.798944634426875,2.8833504632612263,0.0008297872185814676,S230518h,2943,2.8833504632612263
32,81.81818181818183,-82.28571428571429,90.28342280650686,-80.84476493125493,93.73952820460228,-83.48932852839799,69.89683543176159,-83.48932852839799,73.35294082985695,-80.84476493125494,2.8358102211397562,0.000816105813638398,S230518h,32,2.8358102211397562
2852,96.52173913043478,-5.142857142857143,97.8668266714397,-3.798944634426875,97.87251229288692,-6.483938664089822,95.17096596798267,-6.4839386640898224,95.1766515894299,-3.798944634426876,2.7861510898284565,0.0008018146225490677,S230518h,2852,2.7861510898284565
4077,64.96240601503759,18.0,66.38479629184505,19.337350738895033,66.3633008979977,16.65242855258158,63.561511132077506,16.65242855258158,63.54001573823015,19.33735073889503,2.6716922325157215,0.0007688749927462709,S230518h,4077,2.6716922325157215
168,133.04347826086956,-72.0,137.08955942954836,-70.61240302358252,137.71617505815254,-73.29041267073946,128.37078146358664,-73.29041267073946,128.9973970921908,-70.61240302358252,2.4646110826280028,0.0007092799856268002,S230518h,168,2.4646110826280028
212,103.84615384615384,-69.42857142857143,107.43819162734735,-68.04666260702936,107.91529240261049,-70.7264248799515,99.77701528969729,-70.7264248799515,100.25411606496041,-68.04666260702936,2.306179048583446,0.0006636855015225878,S230518h,212,2.306179048583446
4588,46.45161290322581,28.285714285714285,47.99553523691042,29.619643297737973,47.95708662128322,26.934856738758633,44.94613918516842,26.934856738758633,44.9076905695412,29.619643297737973,2.274047092751875,0.0006544383820354531,S230518h,4588,2.274047092751875
3128,93.23741007194245,0.0,94.57991007194246,1.3425,94.57991007194246,-1.3425,91.89491007194249,-1.3425,91.89491007194249,1.3425,2.1074862787932305,0.0006065045507858568,S230518h,3128,2.1074862787932305
1785,97.14285714285714,-25.714285714285715,98.61623109428973,-24.36429655810026,98.64986129705647,-27.049125620102117,95.63585298865786,-27.049125620102117,95.66948319142458,-24.36429655810026,2.050871218777096,0.0005902115424335263,S230518h,1785,2.050871218777096
56,90.0,-79.71428571428571,96.62996927241294,-78.29528079466864,98.57096359893133,-80.95781243598245,81.42903640106884,-80.95781243598246,83.37003072758718,-78.29528079466864,2.019703232239009,0.0005812418395868695,S230518h,56,2.019703232239009
2304,91.34328358208955,-15.428571428571429,92.72700419223021,-14.081758883782793,92.7450176415532,-16.766702744722476,89.94154952262595,-16.766702744722476,89.95956297194894,-14.081758883782792,1.9215192072524243,0.0005529858748538822,S230518h,2304,1.9215192072524243
2438,90.0,-12.857142857142858,91.36968616568467,-11.511072309187258,91.38441612552877,-14.196033912171764,88.61558387447124,-14.196033912171764,88.63031383431536,-11.511072309187258,1.8558079216961179,0.0005340751022766535,S230518h,2438,1.8558079216961179
540,123.03797468354432,-56.57142857142857,125.3904430689052,-55.2059261658838,125.56346388561354,-57.88923408217533,120.51248548147512,-57.88923408217533,120.68550629818348,-55.20592616588381,1.7747732424073648,0.0005107544751130718,S230518h,540,1.7747732424073648
1789,108.57142857142858,-25.714285714285715,110.04480252286118,-24.364296558100264,110.0784327256279,-27.049125620102117,107.06442441722929,-27.049125620102117,107.09805461999602,-24.364296558100264,1.7194106286608997,0.0004948219029684704,S230518h,1789,1.7194106286608997
4213,74.19847328244275,20.571428571428573,75.64509317745188,21.907973738995327,75.61987134091676,19.223077558193822,72.77707522396877,19.223077558193822,72.75185338743364,21.907973738995327,1.3796983418915876,0.00039705754267026867,S230518h,4213,1.3796983418915876
164,101.73913043478261,-72.0,105.78521160346143,-70.6124030235825,106.41182723206562,-73.29041267073946,97.06643363749971,-73.29041267073946,97.69304926610387,-70.61240302358252,1.2377075597955978,0.00035619461683419966,S230518h,164,1.2377075597955978
